model,seed,generation,evaluations,best_objective_m,median_objective_m,mean_objective_m
TMSFF,42,0,100,1.95359598943522,3.7161975015924034,4.83108122402581
TMSFF,42,1,200,1.95359598943522,2.7200959990276434,3.0178688847491513
TMSFF,42,2,300,1.912108651758075,2.257286325960604,2.3686971381562514
TMSFF,42,3,400,1.881234580382012,2.1321915921739834,2.167262171293967
TMSFF,42,4,500,1.836668564438633,2.0008413171378594,2.0695159851469347
TMSFF,42,5,600,1.836668564438633,1.9478014502222183,1.9674290114085862
TMSFF,42,6,700,1.836668564438633,1.929044602793069,1.9405260194611915
TMSFF,42,7,800,1.836668564438633,1.9087823170630451,1.9269278456981656
TMSFF,42,8,900,1.8357192880269881,1.873455488916489,1.8995038606355754
TMSFF,42,9,1000,1.8357192880269881,1.8502110499020543,1.8607327195366785
TMSFF,42,10,1100,1.8355535799397393,1.8441998955519587,1.8855709105399385
TMSFF,42,11,1200,1.8329755041450977,1.836668564438633,1.8453379978041056
TMSFF,42,12,1300,1.830750059118959,1.8366405456315418,1.837420011343996
TMSFF,42,13,1400,1.830750059118959,1.8357530613422939,1.8556327760097153
TMSFF,42,14,1500,1.830750059118959,1.8357192880269881,1.8385960527551646
TMSFF,42,15,1600,1.8271357811201814,1.8350293332661094,1.8470053381756741
TMSFF,42,16,1700,1.8271357811201814,1.8343064918931675,1.840859976968813
TMSFF,42,17,1800,1.8264926727105848,1.8325029452179926,1.8348556659817885
TMSFF,42,18,1900,1.8254432960678397,1.830750059118959,1.851880871120091
TMSFF,42,19,2000,1.824977253604198,1.8289065404691782,1.8436094243338061
TMSFF,42,20,2100,1.8243913631133348,1.8270948186639868,1.848754396991143
TMSFF,42,21,2200,1.8231365249962712,1.8263103245076548,1.8451305806668443
TMSFF,42,22,2300,1.8220958769810167,1.8253713431868936,1.8283270289332352
TMSFF,42,23,2400,1.8220958769810167,1.8249352805289871,1.8253304647601172
TMSFF,42,24,2500,1.8213790970174317,1.82351374014526,1.8379542279115377
TMSFF,42,25,2600,1.8213790970174317,1.822396802729756,1.8422303713497306
TMSFF,42,26,2700,1.8213790970174317,1.8223160236056317,1.8277735266677744
TMSFF,42,27,2800,1.820956854478063,1.8220958769810167,1.8310830749433225
TMSFF,42,28,2900,1.820192742397618,1.8217333590900329,1.8642035992213812
TMSFF,42,29,3000,1.820192742397618,1.8213790970174317,1.8396971127429589
TMSFF,42,30,3100,1.820192742397618,1.8210876703120387,1.9501422838202052
TMSFF,42,31,3200,1.8193273539841432,1.8210876703120387,1.834563450246031
TMSFF,42,32,3300,1.8193273539841432,1.820192742397618,1.8253905572594882
TMSFF,42,33,3400,1.8193273539841432,1.820192742397618,1.8328487277975807
TMSFF,42,34,3500,1.8192280122967424,1.820192742397618,1.8449118394504973
TMSFF,42,35,3600,1.8192216303884323,1.8193273539841432,1.8248424751968038
TMSFF,42,36,3700,1.8192216303884323,1.8193273539841432,1.8220336145556488
TMSFF,42,37,3800,1.8190400362285901,1.8193218044629962,1.8230622323329149
TMSFF,42,38,3900,1.8183174692950614,1.8192280122967424,1.8280365759808195
TMSFF,42,39,4000,1.817265022490593,1.8192280122967424,1.8241944244226584
TMSFF,42,40,4100,1.817265022490593,1.8192216303884323,1.859986311277999
TMSFF,42,41,4200,1.817265022490593,1.8192216303884323,1.8268802559909012
TMSFF,42,42,4300,1.817265022490593,1.8190400362285901,1.820859959799375
TMSFF,42,43,4400,1.817265022490593,1.8189783814642548,1.8410099169876326
TMSFF,42,44,4500,1.8152262706996427,1.817265022490593,1.8261985853808116
TMSFF,42,45,4600,1.8152262706996427,1.817265022490593,1.8213191936628348
TMSFF,42,46,4700,1.8152262706996427,1.817265022490593,1.8185572472724243
TMSFF,42,47,4800,1.8152262706996427,1.817265022490593,1.8176607078428249
TMSFF,42,48,4900,1.8152262706996427,1.8152262706996427,1.8567242107103765
TMSFF,42,49,5000,1.8152137685602783,1.8152262706996427,1.8627090169095135
TMSFF,42,50,5100,1.8152137685602783,1.8152262706996427,1.934056990367783
TMSFF,42,51,5200,1.8150058520103025,1.8152262706996427,1.8568066858948182
TMSFF,42,52,5300,1.8148545825592748,1.8152262706996427,1.8311862850221947
TMSFF,42,53,5400,1.8148545825592748,1.8152137685602783,1.8250626483943801
TMSFF,42,54,5500,1.8148545825592748,1.8150734174568404,1.8206723732789425
TMSFF,42,55,5600,1.8148545825592748,1.8148545825592748,1.8620377998788376
TMSFF,42,56,5700,1.8148545825592748,1.8148545825592748,1.9029919104343787
TMSFF,42,57,5800,1.8148545825592748,1.8148545825592748,1.8196533353880784
TMSFF,42,58,5900,1.8148545825592748,1.8148545825592748,1.817644976785832
TMSFF,42,59,6000,1.8148545825592748,1.8148545825592748,1.822315572361485
TMSFF,42,60,6100,1.8148545825592748,1.8148545825592748,1.8278025560009192
TMSFF,42,61,6200,1.8148545825592748,1.8148545825592748,1.8173514256273293
TMSFF,42,62,6300,1.8148545825592748,1.8148545825592748,1.8211004599638227
TMSFF,42,63,6400,1.8148545825592748,1.8148545825592748,1.8251792438497625
TMSFF,42,64,6500,1.8145574389569,1.8148545825592748,1.8221869279694767
TMSFF,42,65,6600,1.8145574389569,1.8148545825592748,1.9032114460949041
TMSFF,42,66,6700,1.8145574389569,1.8148545825592748,1.8315287363701305
TMSFF,42,67,6800,1.8145574389569,1.8148545825592748,1.8175017360818808
TMSFF,42,68,6900,1.8145574389569,1.8147114718200226,1.8784988238027551
TMSFF,42,69,7000,1.8144952996392547,1.8145574389569,1.9539136614289163
TMSFF,42,70,7100,1.8144952996392547,1.8145574389569,1.856351302978655
TMSFF,42,71,7200,1.8144952996392547,1.8145574389569,1.8832510062890335
TMSFF,42,72,7300,1.8144952996392547,1.8145574389569,1.8202503259620146
TMSFF,42,73,7400,1.8144952996392547,1.8145574389569,1.8170272549552613
TMSFF,42,74,7500,1.8144952996392547,1.8144952996392547,1.8196985599910573
TMSFF,42,75,7600,1.8144952996392547,1.8144952996392547,1.837370710496071
TMSFF,42,76,7700,1.8144952996392547,1.8144952996392547,1.8159058014380998
TMSFF,42,77,7800,1.8144952996392547,1.8144952996392547,1.8171828857418382
TMSFF,42,78,7900,1.8144952996392547,1.8144952996392547,1.8220747119889456
TMSFF,42,79,8000,1.8144952996392547,1.8144952996392547,1.8338197013336615
TMSFF,42,80,8100,1.8144952996392547,1.8144952996392547,1.8379212840183268
TMSFF,43,0,100,2.038533253761855,3.480475523107441,4.660055301842584
TMSFF,43,1,200,2.010210953108498,2.844378710677666,2.9604478757456496
TMSFF,43,2,300,1.95288444085013,2.4512100876110066,2.554208238742513
TMSFF,43,3,400,1.95288444085013,2.2591082486109753,2.3602058709152964
TMSFF,43,4,500,1.9440762578733362,2.1263408461658804,2.156974610730131
TMSFF,43,5,600,1.921067479795138,2.038533253761855,2.0686763874075953
TMSFF,43,6,700,1.860845257563326,1.9994093351023603,2.0186054565099623
TMSFF,43,7,800,1.8366059927947547,1.977307744103256,2.017512696005269
TMSFF,43,8,900,1.8366059927947547,1.94605023732559,1.9610392191786123
TMSFF,43,9,1000,1.8366059927947547,1.9261517671085278,1.937624020421301
TMSFF,43,10,1100,1.8243586030945922,1.8853580092767652,1.9565684476745893
TMSFF,43,11,1200,1.8243586030945922,1.860845257563326,1.8663966951991122
TMSFF,43,12,1300,1.822750721979302,1.8366059927947547,1.844194302373347
TMSFF,43,13,1400,1.822750721979302,1.836567188555308,1.8426701845814497
TMSFF,43,14,1500,1.8190949563865668,1.833981325334613,1.8334865662333297
TMSFF,43,15,1600,1.8190949563865668,1.8247294754041314,1.8355280763065753
TMSFF,43,16,1700,1.8190949563865668,1.8243678165091326,1.8754800055580887
TMSFF,43,17,1800,1.8190949563865668,1.8239853332799296,1.830665707905435
TMSFF,43,18,1900,1.8190949563865668,1.8227859048388297,1.8404887906365581
TMSFF,43,19,2000,1.818888172739933,1.822726244213806,1.8766586362687685
TMSFF,43,20,2100,1.818888172739933,1.8219801383664873,1.8315314090037136
TMSFF,43,21,2200,1.818888172739933,1.8219854703408287,1.840363582326056
TMSFF,43,22,2300,1.818888172739933,1.821757531043606,1.8382999070202108
TMSFF,43,23,2400,1.818888172739933,1.8213451621677594,1.9109057117729487
TMSFF,43,24,2500,1.817753362826995,1.8212028240841485,1.830817682595311
TMSFF,43,25,2600,1.817753362826995,1.8213451621677594,1.8418301280523355
TMSFF,43,26,2700,1.817753362826995,1.8213451621677594,1.8410017344692309
TMSFF,43,27,2800,1.817753362826995,1.821139901942095,1.832259837493436
TMSFF,43,28,2900,1.8151322628576732,1.8190949563865668,1.8453268232108635
TMSFF,43,29,3000,1.8151322628576732,1.818888172739933,1.8398329703842784
TMSFF,43,30,3100,1.8150729139550437,1.8177922508743432,1.833735592002245
TMSFF,43,31,3200,1.8150318250291326,1.8155071659140432,1.8188254752958333
TMSFF,43,32,3300,1.8146224126570811,1.8151322628576732,1.8519737249908501
TMSFF,43,33,3400,1.8146224126570811,1.8151322628576732,1.8216226599584053
TMSFF,43,34,3500,1.8142790316514348,1.8151322628576732,1.8385128152042598
TMSFF,43,35,3600,1.8142790316514348,1.8150318250291326,1.8192801498941278
TMSFF,43,36,3700,1.8141342838669188,1.8150318250291326,1.8175745472284006
TMSFF,43,37,3800,1.8141306386463556,1.8149280774653567,1.8256113646779577
TMSFF,43,38,3900,1.8141306386463556,1.8145583083345875,1.8317188670763043
TMSFF,43,39,4000,1.8133935950747124,1.814170109203837,1.8549192159223038
TMSFF,43,40,4100,1.8133935950747124,1.8141342838669188,1.8799671050774065
TMSFF,43,41,4200,1.8133935950747124,1.8141245864911246,1.8431947098352677
TMSFF,43,42,4300,1.8133935950747124,1.813703273374387,1.8878361469587432
TMSFF,43,43,4400,1.8133935950747124,1.813680241943244,1.8392639205192853
TMSFF,43,44,4500,1.8133935950747124,1.8135754872931376,1.821374334644973
TMSFF,43,45,4600,1.8133935950747124,1.8134731595217204,1.8183954440941263
TMSFF,43,46,4700,1.8133935950747124,1.8133935950747124,1.8205237561904286
TMSFF,43,47,4800,1.8133935950747124,1.8133935950747124,1.848618735115164
TMSFF,43,48,4900,1.8133935950747124,1.8133935950747124,1.8187016987387343
TMSFF,43,49,5000,1.8133935950747124,1.8133935950747124,1.8309913409388308
TMSFF,43,50,5100,1.8133935758731654,1.8133935950747124,1.8566791452239744
TMSFF,43,51,5200,1.813384289382309,1.8133935950747124,1.8296009520607135
TMSFF,43,52,5300,1.8133645836419718,1.8133935950747124,1.831807939245126
TMSFF,43,53,5400,1.8133645836419718,1.8133935950747124,1.862760489878912
TMSFF,43,54,5500,1.8133349854676053,1.8133935950747124,1.8581046056087789
TMSFF,43,55,5600,1.8133349854676053,1.8133935758731654,1.92364425132468
TMSFF,43,56,5700,1.8133349854676053,1.813384289382309,1.824680649128121
TMSFF,43,57,5800,1.8133349854676053,1.813384289382309,1.8182318819531813
TMSFF,43,58,5900,1.8133349854676053,1.8133744365121403,1.8202847689002641
TMSFF,43,59,6000,1.8133349854676053,1.8133645836419718,1.8346678860981098
TMSFF,43,60,6100,1.8133349854676053,1.8133645836419718,1.8560695768864415
TMSFF,43,61,6200,1.8133349854676053,1.8133349854676053,1.8146463575041403
TMSFF,43,62,6300,1.8133349854676053,1.8133349854676053,1.8557116570765906
TMSFF,43,63,6400,1.8133349854676053,1.8133349854676053,1.8361175816816067
TMSFF,43,64,6500,1.8133349854676053,1.8133349854676053,1.8360248597411046
TMSFF,43,65,6600,1.8133349854676053,1.8133349854676053,1.8272246003433208
TMSFF,43,66,6700,1.8133349854676053,1.8133349854676053,1.8398045847691156
TMSFF,43,67,6800,1.8133349854676053,1.8133349854676053,1.8258813915710004
TMSFF,43,68,6900,1.8133349854676053,1.8133349854676053,1.8362676473284278
TMSFF,43,69,7000,1.8133238819769677,1.8133349854676053,1.820452776025165
TMSFF,43,70,7100,1.8133238819769677,1.8133349854676053,1.8505899250413962
TMSFF,43,71,7200,1.8133238819769677,1.8133349854676053,1.825404165319959
TMSFF,43,72,7300,1.8133238819769677,1.8133349854676053,1.8435298544531036
TMSFF,43,73,7400,1.8133137808745445,1.8133287479377471,1.8245446799696325
TMSFF,43,74,7500,1.8133137808745445,1.8133238819769677,1.8337642825450098
TMSFF,43,75,7600,1.8133137808745445,1.8133238819769677,1.8605617471911808
TMSFF,43,76,7700,1.8133137808745445,1.8133137808745445,1.819022642278743
TMSFF,43,77,7800,1.8133137808745445,1.8133137808745445,1.8394764977852958
TMSFF,43,78,7900,1.8133137808745445,1.8133137808745445,1.8230098824232013
TMSFF,43,79,8000,1.8133137808745445,1.8133137808745445,1.8227692683104606
TMSFF,43,80,8100,1.8133137808745445,1.8133137808745445,1.837893545903383
TMSFF,44,0,100,2.0582827252450224,3.372226295333731,4.380536124202372
TMSFF,44,1,200,1.8882668538376897,2.541748016963205,2.691489746872902
TMSFF,44,2,300,1.887876515313277,2.255678477663394,2.3564748636232724
TMSFF,44,3,400,1.881374021195686,2.1452534746626846,2.170823318998032
TMSFF,44,4,500,1.8787185268551276,2.0337755517559915,2.055295639181077
TMSFF,44,5,600,1.8657604394361582,1.93840677531246,1.9768052140381402
TMSFF,44,6,700,1.8657604394361582,1.8883454255073389,1.9032379503373722
TMSFF,44,7,800,1.864089768225506,1.881374021195686,1.884069950395809
TMSFF,44,8,900,1.8602926971179596,1.8717589480597638,1.877238936131915
TMSFF,44,9,1000,1.8465213271422694,1.866634625261018,1.888373590126089
TMSFF,44,10,1100,1.8451183432866771,1.8636638695591328,1.8701882647009314
TMSFF,44,11,1200,1.8438747719921829,1.8602926971179596,1.896628590470041
TMSFF,44,12,1300,1.8429107288159654,1.8575230056591474,1.885330478342084
TMSFF,44,13,1400,1.8408837334478436,1.8483534098878058,1.8600189498459587
TMSFF,44,14,1500,1.840157410218318,1.8465213271422694,1.859012771393578
TMSFF,44,15,1600,1.8382934529028696,1.8429873528303822,1.8490015255901122
TMSFF,44,16,1700,1.8355610291049247,1.8415379637161375,1.8461222452280603
TMSFF,44,17,1800,1.8346408283712712,1.840490002001295,1.848552941201185
TMSFF,44,18,1900,1.832465881936766,1.8386184834312944,1.8410828743723275
TMSFF,44,19,2000,1.832465881936766,1.8363856840192216,1.8393907936015137
TMSFF,44,20,2100,1.8313020670712383,1.8338648612012731,1.8366845885184775
TMSFF,44,21,2200,1.8313020670712383,1.832465881936766,1.8378919688294182
TMSFF,44,22,2300,1.8310521533650566,1.832465881936766,1.8415772035196867
TMSFF,44,23,2400,1.8305692549528583,1.832408694564727,1.8355949371615474
TMSFF,44,24,2500,1.8305692549528583,1.8317473087375327,1.8401803694057108
TMSFF,44,25,2600,1.8305692549528583,1.831184433805158,1.8451552752704554
TMSFF,44,26,2700,1.8304132400725885,1.831184433805158,1.839437857063874
TMSFF,44,27,2800,1.8304132400725885,1.8307475309650063,1.8321099885164371
TMSFF,44,28,2900,1.829424469457764,1.8305692549528583,1.8594538864960077
TMSFF,44,29,3000,1.8294087242283243,1.8305692549528583,1.8400844011755175
TMSFF,44,30,3100,1.8293395834505968,1.8304132400725885,1.8335569058688832
TMSFF,44,31,3200,1.8292565408999402,1.8296556880727937,1.835401896286589
TMSFF,44,32,3300,1.8286729250497173,1.829424469457764,1.834951617970735
TMSFF,44,33,3400,1.8249811352855243,1.8294087242283243,1.8450285999956617
TMSFF,44,34,3500,1.823233004381982,1.8294087242283243,1.8344100954200084
TMSFF,44,35,3600,1.8218550846815071,1.8293542704539152,1.9338396463191863
TMSFF,44,36,3700,1.8211281573950344,1.8291576473346083,1.829577401015873
TMSFF,44,37,3800,1.8205267960499563,1.8283444957021757,1.8311507675999386
TMSFF,44,38,3900,1.8205267960499563,1.8247670838272856,1.8422330130467546
TMSFF,44,39,4000,1.819780435725293,1.8229390720076268,1.828584543980688
TMSFF,44,40,4100,1.819780435725293,1.8211999649478519,1.826207920066969
TMSFF,44,41,4200,1.8194294078903868,1.8205267960499563,1.9360891873456167
TMSFF,44,42,4300,1.8194294078903868,1.819780435725293,1.8269498690780512
TMSFF,44,43,4400,1.818322480404545,1.819780435725293,1.8257698371598388
TMSFF,44,44,4500,1.818322480404545,1.819780435725293,1.827954436916577
TMSFF,44,45,4600,1.818322480404545,1.8194294078903868,1.8248853800212148
TMSFF,44,46,4700,1.8182463028415008,1.8194294078903868,1.820810245108627
TMSFF,44,47,4800,1.8173607350496477,1.8192960287143896,1.8443059919068696
TMSFF,44,48,4900,1.8172427829351014,1.818808927089012,1.8231849486809781
TMSFF,44,49,5000,1.8172427829351014,1.8182463028415008,1.8309028282055764
TMSFF,44,50,5100,1.8172427829351014,1.8173607350496477,1.8399171262466947
TMSFF,44,51,5200,1.8172427829351014,1.8172427829351014,1.8340216297947032
TMSFF,44,52,5300,1.8172427829351014,1.8172427829351014,1.8535983766134192
TMSFF,44,53,5400,1.8172427829351014,1.8172427829351014,1.835315152341129
TMSFF,44,54,5500,1.8172427829351014,1.8172427829351014,1.8389147252067766
TMSFF,44,55,5600,1.8172427829351014,1.8172427829351014,1.822787261744252
TMSFF,44,56,5700,1.8172427829351014,1.8172427829351014,1.8192086422326685
TMSFF,44,57,5800,1.8172427829351014,1.8172427829351014,1.8197430360672402
TMSFF,44,58,5900,1.8172427829351014,1.8172427829351014,1.835005702376593
TMSFF,44,59,6000,1.8171885597113062,1.8172427829351014,1.8325505244099622
TMSFF,44,60,6100,1.8171885597113062,1.8172427829351014,1.8249624995381937
TMSFF,44,61,6200,1.8171885597113062,1.8172427829351014,1.8274609866520957
TMSFF,44,62,6300,1.8171885597113062,1.8172427829351014,1.8193151536430463
TMSFF,44,63,6400,1.8171885597113062,1.8172427829351014,1.8247873825679277
TMSFF,44,64,6500,1.8171885597113062,1.8172427829351014,1.8658931819446525
TMSFF,44,65,6600,1.8171885597113062,1.8171885597113062,1.8279360884935136
TMSFF,44,66,6700,1.8171631914207935,1.8171885597113062,1.850698459708051
TMSFF,44,67,6800,1.8168961851239005,1.8171885597113062,1.8598523076693545
TMSFF,44,68,6900,1.8168961851239005,1.8171885597113062,1.8252721023610325
TMSFF,44,69,7000,1.8168961851239005,1.8171885597113062,1.8305131122157903
TMSFF,44,70,7100,1.8168961851239005,1.8171885597113062,1.834484606781794
TMSFF,44,71,7200,1.8167774031172101,1.8171631914207935,1.8353101476449003
TMSFF,44,72,7300,1.8167774031172101,1.8171631914207935,1.8240140821419735
TMSFF,44,73,7400,1.816624165025605,1.8168961851239005,1.8292326726952235
TMSFF,44,74,7500,1.816624165025605,1.8168961851239005,1.831861196378789
TMSFF,44,75,7600,1.8166161552375275,1.8168961851239005,1.8257327342076215
TMSFF,44,76,7700,1.8166161552375275,1.8167774031172101,1.821529388891348
TMSFF,44,77,7800,1.8161297703310653,1.8166408001729786,1.8234324099477643
TMSFF,44,78,7900,1.8161297703310653,1.8166161552375275,1.8203867869308639
TMSFF,44,79,8000,1.8161297703310653,1.8166161552375275,1.8631415508511773
TMSFF,44,80,8100,1.8161297703310653,1.816286919247865,1.8178085395121777
TMSFF,45,0,100,1.9838184975893323,3.540500411010867,4.275770275445694
TMSFF,45,1,200,1.9323138791625334,2.7729668131492042,2.8718817761753472
TMSFF,45,2,300,1.9053988895711464,2.356191207723887,2.5133840793858173
TMSFF,45,3,400,1.8515660818134898,2.258800788448942,2.3534012333401986
TMSFF,45,4,500,1.8432853691911357,2.0662313086453494,2.154562469138144
TMSFF,45,5,600,1.8313547587021188,1.9933808327891422,2.069584678313067
TMSFF,45,6,700,1.8287115677510917,1.9806000968860111,2.058236367481844
TMSFF,45,7,800,1.8261930945613951,1.912002596079529,2.045669683066635
TMSFF,45,8,900,1.8254788655830603,1.8447404596931567,1.8807516025363649
TMSFF,45,9,1000,1.8254788655830603,1.8365644502090215,1.8589136234201853
TMSFF,45,10,1100,1.8207008791866324,1.8317400910982635,1.8479950846729483
TMSFF,45,11,1200,1.816429413009583,1.8286381429042222,1.8373155671731711
TMSFF,45,12,1300,1.8144452843900674,1.8254788655830603,1.8449516978464704
TMSFF,45,13,1400,1.8143924277062735,1.8198780975345952,1.8267261431753605
TMSFF,45,14,1500,1.8143924277062735,1.8175954766164457,1.856528738734639
TMSFF,45,15,1600,1.8143924277062735,1.816037631147537,1.829541838876673
TMSFF,45,16,1700,1.814284755432965,1.8145791131825448,1.818037228709305
TMSFF,45,17,1800,1.8142797872226957,1.814544130087134,1.8586612059201408
TMSFF,45,18,1900,1.8142797872226957,1.8143924277062735,1.835238996311887
TMSFF,45,19,2000,1.8142797872226957,1.8142876639177714,1.819809526210693
TMSFF,45,20,2100,1.8142748394905617,1.814284755432965,1.8184672594107167
TMSFF,45,21,2200,1.8142701973554223,1.8142797872226957,1.833970559016187
TMSFF,45,22,2300,1.8140577519167056,1.8142797872226957,1.822372992757571
TMSFF,45,23,2400,1.8140577519167056,1.8142797187192465,1.8235215216633538
TMSFF,45,24,2500,1.8140577519167056,1.8142748394905617,1.817184094068895
TMSFF,45,25,2600,1.8140426668170293,1.8142701973554223,1.824762650374728
TMSFF,45,26,2700,1.813748923832904,1.8142209949981423,1.8270164650892595
TMSFF,45,27,2800,1.8135688620421835,1.8140577519167056,1.821086283820788
TMSFF,45,28,2900,1.8135497246081858,1.8140463584240702,1.815717143838858
TMSFF,45,29,3000,1.8135497246081858,1.8140367897178136,1.8178429781391687
TMSFF,45,30,3100,1.8135497246081858,1.8138422106010952,1.8336680290387388
TMSFF,45,31,3200,1.8134884646820508,1.8136891707373974,1.8153163308166844
TMSFF,45,32,3300,1.8134884646820508,1.813687849042193,1.8516593917440887
TMSFF,45,33,3400,1.8134884646820508,1.813687849042193,1.829555997781855
TMSFF,45,34,3500,1.8134884646820508,1.8136485291362432,1.8265322957228585
TMSFF,45,35,3600,1.8134884646820508,1.8135281508753123,1.8174848654831184
TMSFF,45,36,3700,1.8134856952549447,1.813495207066214,1.8205850776778565
TMSFF,45,37,3800,1.8134856952549447,1.8134884646820508,1.8181777278669784
TMSFF,45,38,3900,1.8134856952549447,1.8134884646820508,1.8188357758990628
TMSFF,45,39,4000,1.8134856952549447,1.8134884646820508,1.8236697402906188
TMSFF,45,40,4100,1.8134856952549447,1.8134856952549447,1.8482082702591276
TMSFF,45,41,4200,1.8134528231160782,1.8134856952549447,1.81800913670041
TMSFF,45,42,4300,1.8134462201481047,1.8134856952549447,1.8351653107380093
TMSFF,45,43,4400,1.8133330118617983,1.8134856952549447,1.825030034932527
TMSFF,45,44,4500,1.8133330118617983,1.8134856952549447,1.8516688786611786
TMSFF,45,45,4600,1.8133330118617983,1.8134528231160782,1.8187081842045745
TMSFF,45,46,4700,1.8133330118617983,1.8134462201481047,1.821150444136327
TMSFF,45,47,4800,1.8132944101622108,1.8134461268207378,1.8213761693581072
TMSFF,45,48,4900,1.8132944101622108,1.8133330118617983,1.8476203023269813
TMSFF,45,49,5000,1.8132944101622108,1.8133330118617983,1.8250136561965649
TMSFF,45,50,5100,1.8132944101622108,1.8133330118617983,1.8180032291573331
TMSFF,45,51,5200,1.8132944101622108,1.8133330118617983,1.824968964196288
TMSFF,45,52,5300,1.8132944101622108,1.8133330118617983,1.8140931367589586
TMSFF,45,53,5400,1.8132944101622108,1.8133330118617983,1.8158102397758469
TMSFF,45,54,5500,1.8132944101622108,1.8132944101622108,1.8140861532191372
TMSFF,45,55,5600,1.8132944101622108,1.8132944101622108,1.8169763951575777
TMSFF,45,56,5700,1.8132944101622108,1.8132944101622108,1.8302957681151222
TMSFF,45,57,5800,1.8132944101622108,1.8132944101622108,1.8189260014150295
TMSFF,45,58,5900,1.8132944101622108,1.8132944101622108,1.8443807467721587
TMSFF,45,59,6000,1.8132944101622108,1.8132944101622108,1.8358322478490368
TMSFF,45,60,6100,1.8132944101622108,1.8132944101622108,1.8324018813226106
TMSFF,45,61,6200,1.8132944101622108,1.8132944101622108,1.8245784922063268
TMSFF,45,62,6300,1.8132944101622108,1.8132944101622108,1.8682609401021313
TMSFF,45,63,6400,1.8132944101622108,1.8132944101622108,1.8414944846503403
TMSFF,45,64,6500,1.8132944101622108,1.8132944101622108,1.846799093404141
TMSFF,45,65,6600,1.8132944101622108,1.8132944101622108,1.8239335491762692
TMSFF,45,66,6700,1.8132944101622108,1.8132944101622108,1.8196357386844795
TMSFF,45,67,6800,1.8132944101622108,1.8132944101622108,1.8323317226003673
TMSFF,45,68,6900,1.8132944101622108,1.8132944101622108,1.851365746889175
TMSFF,45,69,7000,1.8132944101622108,1.8132944101622108,1.8241667834270947
TMSFF,45,70,7100,1.8132944101622108,1.8132944101622108,1.8277746853174595
TMSFF,45,71,7200,1.8132944101622108,1.8132944101622108,1.814597850654645
TMSFF,45,72,7300,1.8132944101622108,1.8132944101622108,1.816942716213109
TMSFF,45,73,7400,1.8132944101622108,1.8132944101622108,1.817527804065706
TMSFF,45,74,7500,1.8132944101622108,1.8132944101622108,1.8227894543352385
TMSFF,45,75,7600,1.8132944101622108,1.8132944101622108,1.8328079679694853
TMSFF,45,76,7700,1.8132944101622108,1.8132944101622108,1.8155210073877357
TMSFF,45,77,7800,1.8132944101622108,1.8132944101622108,1.8160606428501325
TMSFF,45,78,7900,1.8132944101622108,1.8132944101622108,1.8196304370367924
TMSFF,45,79,8000,1.813280967940575,1.8132944101622108,1.818692136792145
TMSFF,45,80,8100,1.813280967940575,1.8132944101622108,1.8220618090827463
TMSFF,46,0,100,2.0159666595867907,3.4814842909382953,4.347656407982381
TMSFF,46,1,200,1.9592865123488588,2.7753318483264318,2.797086446297124
TMSFF,46,2,300,1.9592865123488588,2.2855085929185637,2.473015929928006
TMSFF,46,3,400,1.9405908298933503,2.2012507700745187,2.3084981617244766
TMSFF,46,4,500,1.9405908298933503,2.1330404072246445,2.2079507522815014
TMSFF,46,5,600,1.9022676952281743,2.080717819156537,2.169038169691898
TMSFF,46,6,700,1.892478995638934,2.004839901615034,2.0712518614397912
TMSFF,46,7,800,1.8769835169316271,1.962932423892157,1.9908832533353082
TMSFF,46,8,900,1.8584230260600767,1.9317970677252003,1.9522357526233953
TMSFF,46,9,1000,1.8524635374996306,1.8969958354722107,1.9199332060693002
TMSFF,46,10,1100,1.8524635374996306,1.8957959249484466,1.919994882220876
TMSFF,46,11,1200,1.8502673464040917,1.8881126339433614,1.907599295883835
TMSFF,46,12,1300,1.8397275889302502,1.8738628569056581,1.8784577257155135
TMSFF,46,13,1400,1.8397275889302502,1.8568517599040657,1.8865931211846196
TMSFF,46,14,1500,1.8313371276362838,1.8493028895981585,1.857749826064064
TMSFF,46,15,1600,1.8313371276362838,1.8465644660221148,1.8738327328852091
TMSFF,46,16,1700,1.8255082024552525,1.8397275889302502,1.849551073849407
TMSFF,46,17,1800,1.8250130767215431,1.8315612179488232,1.851485079934669
TMSFF,46,18,1900,1.8245607811150282,1.8315059028467613,1.8756033351935142
TMSFF,46,19,2000,1.8170103580055137,1.8256545473726615,1.8285654439106245
TMSFF,46,20,2100,1.8170103580055137,1.8250130767215431,1.833786560996866
TMSFF,46,21,2200,1.8167321440443691,1.8238602915771287,1.8257847323027194
TMSFF,46,22,2300,1.8154438391548056,1.821757217743292,1.8278582950039917
TMSFF,46,23,2400,1.8152156850406278,1.8194876126699557,1.8639462706153278
TMSFF,46,24,2500,1.8152156850406278,1.8170247719883457,1.8261994271204314
TMSFF,46,25,2600,1.815097047380205,1.8169758477983475,1.8298631237302083
TMSFF,46,26,2700,1.8145117135672806,1.8162509009778036,1.8215187744956045
TMSFF,46,27,2800,1.8145117135672806,1.8153238865338954,1.855506448853128
TMSFF,46,28,2900,1.8142892353216045,1.8152246394911622,1.8211137045956294
TMSFF,46,29,3000,1.8142892353216045,1.8152156850406278,1.887127396329913
TMSFF,46,30,3100,1.8142892353216045,1.815097047380205,1.8179708958274776
TMSFF,46,31,3200,1.8142892353216045,1.8145117135672806,1.8793366863104302
TMSFF,46,32,3300,1.8142892353216045,1.8142892353216045,1.832679198425153
TMSFF,46,33,3400,1.8142035220027015,1.8142892353216045,1.8305908604733738
TMSFF,46,34,3500,1.8142035220027015,1.8142892353216045,1.8540699007630193
TMSFF,46,35,3600,1.8142035220027015,1.8142892353216045,1.8230622816936737
TMSFF,46,36,3700,1.8142035220027015,1.8142892353216045,1.8153501763093833
TMSFF,46,37,3800,1.8141318663311232,1.8142892353216045,1.8477903129863062
TMSFF,46,38,3900,1.8138806487323496,1.8142892353216045,1.8215254229815772
TMSFF,46,39,4000,1.8136735721901822,1.8142035220027015,1.8190866209249577
TMSFF,46,40,4100,1.8136735721901822,1.8142035220027015,1.8466433062386505
TMSFF,46,41,4200,1.8136735721901822,1.814024673966307,1.888157117829006
TMSFF,46,42,4300,1.8135231647654082,1.8139511498912433,1.8497404732428735
TMSFF,46,43,4400,1.8134215308123556,1.8138649167458756,1.8149078099362104
TMSFF,46,44,4500,1.8133284904173588,1.813742044646837,1.829626208523705
TMSFF,46,45,4600,1.8133284904173588,1.8136628411884073,1.8152711116745521
TMSFF,46,46,4700,1.813199516713832,1.8135231647654082,1.8383050500372358
TMSFF,46,47,4800,1.813199516713832,1.8135231647654082,1.832135528294263
TMSFF,46,48,4900,1.813199516713832,1.8134298687328043,1.8175034242140269
TMSFF,46,49,5000,1.8131581359479454,1.8134215308123556,1.8273803920948521
TMSFF,46,50,5100,1.8131581359479454,1.8133517714478462,1.8277929102051453
TMSFF,46,51,5200,1.8131581359479454,1.8133284904173588,1.8166168626961146
TMSFF,46,52,5300,1.8131581359479454,1.813199516713832,1.9045813309115038
TMSFF,46,53,5400,1.8131581359479454,1.8131581359479454,1.8631782629854243
TMSFF,46,54,5500,1.8131581359479454,1.8131581359479454,1.8302500350496487
TMSFF,46,55,5600,1.8131581359479454,1.8131581359479454,1.8170985554531618
TMSFF,46,56,5700,1.8131581359479454,1.8131581359479454,1.8865119157034826
TMSFF,46,57,5800,1.8131581359479454,1.8131581359479454,1.8220811219823743
TMSFF,46,58,5900,1.8131581359479454,1.8131581359479454,1.813590017109726
TMSFF,46,59,6000,1.8131581359479454,1.8131581359479454,1.8306322609974233
TMSFF,46,60,6100,1.8131581359479454,1.8131581359479454,1.8366990103192915
TMSFF,46,61,6200,1.8131581359479454,1.8131581359479454,1.8422263448931744
TMSFF,46,62,6300,1.8131581359479454,1.8131581359479454,1.8374830344828064
TMSFF,46,63,6400,1.8131581359479454,1.8131581359479454,1.8210268238298033
TMSFF,46,64,6500,1.8131581359479454,1.8131581359479454,1.828293689769687
TMSFF,46,65,6600,1.8131581359479454,1.8131581359479454,1.8163039378183916
TMSFF,46,66,6700,1.8131581359479454,1.8131581359479454,1.8418381942025064
TMSFF,46,67,6800,1.8131581359479454,1.8131581359479454,1.8304798960595583
TMSFF,46,68,6900,1.8131581359479454,1.8131581359479454,1.8338864373634407
TMSFF,46,69,7000,1.8131581359479454,1.8131581359479454,1.82673004552049
TMSFF,46,70,7100,1.8131581359479454,1.8131581359479454,1.8306230265235883
TMSFF,46,71,7200,1.8131581359479454,1.8131581359479454,1.8191750855561322
TMSFF,46,72,7300,1.8131581359479454,1.8131581359479454,1.8174572837094558
TMSFF,46,73,7400,1.8131581359479454,1.8131581359479454,1.8248610882952951
TMSFF,46,74,7500,1.8131581359479454,1.8131581359479454,1.8173805931956277
TMSFF,46,75,7600,1.8131581359479454,1.8131581359479454,1.825949550983886
TMSFF,46,76,7700,1.8131581359479454,1.8131581359479454,1.831416188792862
TMSFF,46,77,7800,1.8131581359479454,1.8131581359479454,1.8232929369497544
TMSFF,46,78,7900,1.8131581359479454,1.8131581359479454,1.8230423534049311
TMSFF,46,79,8000,1.8131581359479454,1.8131581359479454,1.8266897640137345
TMSFF,46,80,8100,1.8131581359479454,1.8131581359479454,1.8772804511068637
AV-IDM,42,0,100,3.864867697567092,13.754291011740108,13.2501834699028
AV-IDM,42,1,200,3.575584698751303,9.894219360019175,9.863559872569487
AV-IDM,42,2,300,2.2881003016722463,8.85856794249289,9.31671795368409
AV-IDM,42,3,400,2.2881003016722463,7.867636991960193,8.574091569712992
AV-IDM,42,4,500,2.2881003016722463,6.828146094667414,7.457910940882009
AV-IDM,42,5,600,2.2881003016722463,5.9472087049892455,6.828039571196643
AV-IDM,42,6,700,2.255725835527884,5.240485795448957,6.455098446902749
AV-IDM,42,7,800,2.255725835527884,4.084639582370992,5.5091534068134775
AV-IDM,42,8,900,2.1708683091266487,3.5739203153017804,5.458339427789318
AV-IDM,42,9,1000,2.031042463966756,2.928930431898383,4.520334207478629
AV-IDM,42,10,1100,2.031042463966756,2.6135962453538375,4.415603681498105
AV-IDM,42,11,1200,2.031042463966756,2.431924502037706,3.502910714148447
AV-IDM,42,12,1300,1.9587381548151273,2.2144151191645345,2.281296560262514
AV-IDM,42,13,1400,1.9587381548151273,2.165747205293254,2.2548428704927024
AV-IDM,42,14,1500,1.9402116095050337,2.1096802991039736,2.2329407684949225
AV-IDM,42,15,1600,1.9081950256373177,2.1005031677382355,2.1249131737064335
AV-IDM,42,16,1700,1.8827321559481303,2.036556704479029,2.0950138470320763
AV-IDM,42,17,1800,1.8789493082355582,1.9840089548002642,2.186912417528551
AV-IDM,42,18,1900,1.831161251067636,1.9720422520515708,2.112812167371471
AV-IDM,42,19,2000,1.8261179339723712,1.9486253575798655,2.1275886632219336
AV-IDM,42,20,2100,1.8261179339723712,1.9229057147621993,1.984597080922949
AV-IDM,42,21,2200,1.8252704891418634,1.9013310789175117,1.9788655490846017
AV-IDM,42,22,2300,1.820823656658382,1.8828399592449787,1.948332978506395
AV-IDM,42,23,2400,1.820823656658382,1.8708506328433985,1.9242938258207736
AV-IDM,42,24,2500,1.820823656658382,1.857007627701965,2.042016001388024
AV-IDM,42,25,2600,1.817015326107781,1.8419242700918546,2.001788454831234
AV-IDM,42,26,2700,1.817015326107781,1.8367557955395295,1.9126049687835398
AV-IDM,42,27,2800,1.817015326107781,1.8375084560771353,1.9852715410933686
AV-IDM,42,28,2900,1.817015326107781,1.8272447785446095,1.957801510503779
AV-IDM,42,29,3000,1.797797345277937,1.8376785094740105,2.025693743694835
AV-IDM,42,30,3100,1.797797345277937,1.83715514889087,2.033469274584202
AV-IDM,42,31,3200,1.797797345277937,1.8246382259432439,1.920961844759749
AV-IDM,42,32,3300,1.797797345277937,1.8247270973270704,1.9334537431838315
AV-IDM,42,33,3400,1.797797345277937,1.8200665095011408,1.8525900853179493
AV-IDM,42,34,3500,1.7893815938587012,1.814845468286552,1.8905842799637937
AV-IDM,42,35,3600,1.7893815938587012,1.8127593741088082,1.8560696801960372
AV-IDM,42,36,3700,1.7893815938587012,1.8050440433030874,1.8214695457803547
AV-IDM,42,37,3800,1.7893815938587012,1.797797345277937,1.8909258647573148
AV-IDM,42,38,3900,1.7893815938587012,1.797797345277937,1.8609927082756537
AV-IDM,42,39,4000,1.7879329453300725,1.797797345277937,1.8291308515507216
AV-IDM,42,40,4100,1.7879329453300725,1.797797345277937,1.9288462490423726
AV-IDM,42,41,4200,1.7879318204536545,1.7902816079003299,1.9202508702171932
AV-IDM,42,42,4300,1.7766952810260412,1.7897621043830194,1.9053021511772374
AV-IDM,42,43,4400,1.7766952810260412,1.7897621043830194,1.9417942313256527
AV-IDM,42,44,4500,1.7726552926568582,1.7886517523991494,1.8354635013301144
AV-IDM,42,45,4600,1.7726552926568582,1.7879329453300725,1.9014678559455986
AV-IDM,42,46,4700,1.7726552926568582,1.7879291211033321,1.8177311082405885
AV-IDM,42,47,4800,1.7726552926568582,1.7867404433209093,1.9034451588674886
AV-IDM,42,48,4900,1.7726552926568582,1.7766952810260412,1.8957633738809152
AV-IDM,42,49,5000,1.7726552926568582,1.7766337651182138,1.8668103246329073
AV-IDM,42,50,5100,1.7695869019595605,1.776316428429449,1.9458021043011093
AV-IDM,42,51,5200,1.7695869019595605,1.776316428429449,1.9092459368743813
AV-IDM,42,52,5300,1.7695869019595605,1.776316428429449,1.9875740311648837
AV-IDM,42,53,5400,1.7695787486401404,1.7763138192416423,1.8187749190783455
AV-IDM,42,54,5500,1.7695787486401404,1.7746325777487866,1.894281187436355
AV-IDM,42,55,5600,1.7695787486401404,1.7746325777487866,1.7905236808359553
AV-IDM,42,56,5700,1.7695787486401404,1.7746325777487866,1.865770820900151
AV-IDM,42,57,5800,1.7695787486401404,1.7695869019595605,1.823890398889163
AV-IDM,42,58,5900,1.7695787486401404,1.7695869019595605,1.9335925970444794
AV-IDM,42,59,6000,1.7695787486401404,1.7695787486401404,1.869500602752644
AV-IDM,42,60,6100,1.7695787486401404,1.7695787486401404,1.891543956261591
AV-IDM,42,61,6200,1.7695787486401404,1.7695787486401404,1.891938924091411
AV-IDM,42,62,6300,1.7694771219609342,1.7695787486401404,1.8020707660665087
AV-IDM,42,63,6400,1.7694771219609342,1.7695787486401404,1.89634759991641
AV-IDM,42,64,6500,1.7694771219609342,1.7695787486401404,1.9199303727234414
AV-IDM,42,65,6600,1.7694771219609342,1.7695787486401404,1.80581824910332
AV-IDM,42,66,6700,1.7694771219609342,1.7695787486401404,1.9960528019567862
AV-IDM,42,67,6800,1.7694771219609342,1.7694771219609342,1.89696361667286
AV-IDM,42,68,6900,1.7694643941332153,1.7694771219609342,1.7990333306754596
AV-IDM,42,69,7000,1.7694643941332153,1.7694771219609342,1.8720911378858136
AV-IDM,42,70,7100,1.7694643941332153,1.7694771219609342,1.8589385123046496
AV-IDM,42,71,7200,1.7694643941332153,1.7694771219609342,1.829287894647984
AV-IDM,42,72,7300,1.7694643941332153,1.7694771219609342,1.8692773592638674
AV-IDM,42,73,7400,1.7694643941332153,1.7694643941332153,1.886394939888083
AV-IDM,42,74,7500,1.7694643941332153,1.7694643941332153,1.8555574263258583
AV-IDM,42,75,7600,1.7694643941332153,1.7694643941332153,1.8236318634766742
AV-IDM,42,76,7700,1.7694643941332153,1.7694643941332153,1.860405934369523
AV-IDM,42,77,7800,1.7694643941332153,1.7694643941332153,1.8451667573838342
AV-IDM,42,78,7900,1.7694643941332153,1.7694643941332153,1.8787099531436338
AV-IDM,42,79,8000,1.7694643941332153,1.7694643941332153,1.8085798381442282
AV-IDM,42,80,8100,1.7694643941332153,1.7694643941332153,1.867347623256148
AV-IDM,43,0,100,3.8079251002970826,13.825463811652032,13.242723502161553
AV-IDM,43,1,200,3.0882276608921444,10.45387341500065,10.315023131608164
AV-IDM,43,2,300,2.459845914975105,8.011645862917273,8.307154041323484
AV-IDM,43,3,400,2.132838837610696,6.5644513540003935,6.824761970121062
AV-IDM,43,4,500,2.132838837610696,5.216708229003137,5.740080642418118
AV-IDM,43,5,600,2.132838837610696,4.210014669956931,4.991161995767635
AV-IDM,43,6,700,1.95208388096511,3.638397720181264,4.396001919597395
AV-IDM,43,7,800,1.95208388096511,2.9882857375417693,3.7203958175749166
AV-IDM,43,8,900,1.8955201442847944,2.744230578923497,3.3812465919541133
AV-IDM,43,9,1000,1.7720482541067872,2.566014581132785,3.668976869187
AV-IDM,43,10,1100,1.7720482541067872,2.4981090388941984,3.192815229246653
AV-IDM,43,11,1200,1.7720482541067872,2.2240648074901745,2.3798542555093523
AV-IDM,43,12,1300,1.7290059450649233,1.9387372548479014,2.026853760608552
AV-IDM,43,13,1400,1.7290059450649233,1.8243796682456144,1.9898241625736706
AV-IDM,43,14,1500,1.7290059450649233,1.7863088570542982,1.9232138133281702
AV-IDM,43,15,1600,1.689075170565324,1.775407276437833,1.954454368807847
AV-IDM,43,16,1700,1.6859077475437856,1.769990405877881,2.0029638643220555
AV-IDM,43,17,1800,1.6859077475437856,1.7605703445056933,1.8535392492158442
AV-IDM,43,18,1900,1.6737304932556576,1.7740507827768996,2.0168415202804533
AV-IDM,43,19,2000,1.6737304932556576,1.754143370376533,1.9178330346163674
AV-IDM,43,20,2100,1.6737304932556576,1.716960070066096,1.8574474200619386
AV-IDM,43,21,2200,1.6732232963133584,1.7122121506927734,1.8986709114204996
AV-IDM,43,22,2300,1.6565813977525456,1.7032947477334095,1.7520074871699762
AV-IDM,43,23,2400,1.6565813977525456,1.7082578125651402,1.8208994371671894
AV-IDM,43,24,2500,1.6565813977525456,1.7063754513276903,1.728337016771325
AV-IDM,43,25,2600,1.6565813977525456,1.7031224382020893,1.8731500156313203
AV-IDM,43,26,2700,1.6565813977525456,1.701735360451546,1.9607855620044616
AV-IDM,43,27,2800,1.6565813977525456,1.700057859897818,1.9235742687294777
AV-IDM,43,28,2900,1.6565813977525456,1.706683324209712,2.025754626411783
AV-IDM,43,29,3000,1.6565813977525456,1.7030062248647748,1.9888933307043133
AV-IDM,43,30,3100,1.6565813977525456,1.6992462628982077,1.8056977302701442
AV-IDM,43,31,3200,1.6565813977525456,1.693842710472576,1.8240636810944553
AV-IDM,43,32,3300,1.6565813977525456,1.691626342800787,1.7992260151985535
AV-IDM,43,33,3400,1.6565813977525456,1.6842047539391207,1.86963851654369
AV-IDM,43,34,3500,1.6565747317399797,1.6855789018954666,1.863769324898846
AV-IDM,43,35,3600,1.6565747317399797,1.6565813977525456,1.7802899128449148
AV-IDM,43,36,3700,1.6565747317399797,1.6565813977525456,1.8314695298677395
AV-IDM,43,37,3800,1.6565747317399797,1.6565813977525456,1.7877364327667322
AV-IDM,43,38,3900,1.6565747317399797,1.6565813977525456,1.8056074576629937
AV-IDM,43,39,4000,1.6565747317399797,1.6565747317399797,1.8527546099740402
AV-IDM,43,40,4100,1.6565747317399797,1.6565747317399797,1.7406670188756643
AV-IDM,43,41,4200,1.6565747317399797,1.6565747317399797,1.8753968399308816
AV-IDM,43,42,4300,1.6565747317399797,1.6565747317399797,1.7937905314753164
AV-IDM,43,43,4400,1.6565747317399797,1.6565747317399797,1.7053161292045014
AV-IDM,43,44,4500,1.6565747317399797,1.6565747317399797,1.770739125027576
AV-IDM,43,45,4600,1.6565284596035619,1.6565747317399797,1.8032983371894777
AV-IDM,43,46,4700,1.6565284596035619,1.6565747317399797,1.8087889107361697
AV-IDM,43,47,4800,1.6565284596035619,1.6565747317399797,1.9197094551485838
AV-IDM,43,48,4900,1.6565284596035619,1.6565747317399797,1.7776295519661403
AV-IDM,43,49,5000,1.6565284596035619,1.6565747317399797,1.8335721577686577
AV-IDM,43,50,5100,1.6565284596035619,1.6565284596035619,1.6977221024571534
AV-IDM,43,51,5200,1.656527185179575,1.6565284596035619,1.7303922761095434
AV-IDM,43,52,5300,1.656527185179575,1.6565284596035619,1.7734625663386137
AV-IDM,43,53,5400,1.656527185179575,1.6565284596035619,1.8532080121345615
AV-IDM,43,54,5500,1.656527185179575,1.6565284596035619,1.7787305051255067
AV-IDM,43,55,5600,1.656527185179575,1.6565280205957926,1.7892883544696243
AV-IDM,43,56,5700,1.656527185179575,1.656527185179575,1.7885107813862116
AV-IDM,43,57,5800,1.656527185179575,1.656527185179575,1.8119070811472775
AV-IDM,43,58,5900,1.656527185179575,1.656527185179575,1.7431248602425466
AV-IDM,43,59,6000,1.656527185179575,1.656527185179575,1.8121154044539156
AV-IDM,43,60,6100,1.656527185179575,1.656527185179575,1.7051160387634547
AV-IDM,43,61,6200,1.656527185179575,1.656527185179575,1.9028255135842311
AV-IDM,43,62,6300,1.656527185179575,1.656527185179575,1.7114298761351028
AV-IDM,43,63,6400,1.656527185179575,1.656527185179575,1.8661384709118507
AV-IDM,43,64,6500,1.656527185179575,1.656527185179575,1.7342160218071374
AV-IDM,43,65,6600,1.656527185179575,1.656527185179575,1.9900151519082114
AV-IDM,43,66,6700,1.656527185179575,1.656527185179575,1.7759359124993224
AV-IDM,43,67,6800,1.656501593019354,1.656527185179575,1.7161316941781601
AV-IDM,43,68,6900,1.656501593019354,1.656527185179575,1.8149263039745023
AV-IDM,43,69,7000,1.656501593019354,1.656527185179575,1.7519421563957736
AV-IDM,43,70,7100,1.656501593019354,1.656527185179575,1.8369521587048223
AV-IDM,43,71,7200,1.656501593019354,1.656527185179575,1.7574366403222357
AV-IDM,43,72,7300,1.656501593019354,1.656501593019354,1.882743311218786
AV-IDM,43,73,7400,1.656501593019354,1.656501593019354,1.8099912249437022
AV-IDM,43,74,7500,1.656501593019354,1.656501593019354,1.8020551770836513
AV-IDM,43,75,7600,1.656501593019354,1.656501593019354,1.734941462553466
AV-IDM,43,76,7700,1.656501593019354,1.656501593019354,1.7599832280535772
AV-IDM,43,77,7800,1.656501593019354,1.656501593019354,1.7541744330585995
AV-IDM,43,78,7900,1.656501593019354,1.656501593019354,1.851967936289473
AV-IDM,43,79,8000,1.656501593019354,1.656501593019354,1.9086160162542427
AV-IDM,43,80,8100,1.656501593019354,1.656501593019354,1.7149942353810548
AV-IDM,44,0,100,3.0973142974021663,14.594534727778118,13.393294486194318
AV-IDM,44,1,200,3.0973142974021663,11.0809508431585,11.05225377705455
AV-IDM,44,2,300,3.0973142974021663,8.639998024867879,9.150560251097259
AV-IDM,44,3,400,2.534147199355518,8.601952870959458,8.399321009451477
AV-IDM,44,4,500,2.379299537187712,7.496991815472672,7.583044135801154
AV-IDM,44,5,600,2.375904488527925,4.847061863361602,6.211576168708773
AV-IDM,44,6,700,2.128084989372067,3.6502725331851456,5.520272059879996
AV-IDM,44,7,800,2.128084989372067,3.18831879397396,4.0552827151544975
AV-IDM,44,8,900,2.128084989372067,2.9241171230322247,4.142832843129043
AV-IDM,44,9,1000,2.004949781604906,2.5809349253944185,2.824381832341058
AV-IDM,44,10,1100,2.004949781604906,2.399786445739913,2.5988295669084045
AV-IDM,44,11,1200,1.9682646985537742,2.2495943805204894,2.6579163914432966
AV-IDM,44,12,1300,1.92591870745803,2.1425374003074973,2.5342693601335653
AV-IDM,44,13,1400,1.8971112289330967,2.0692364937845493,2.237181486578359
AV-IDM,44,14,1500,1.8971112289330967,2.057500256406751,2.203309586893518
AV-IDM,44,15,1600,1.889606395976941,2.0219929980200915,2.27027902559874
AV-IDM,44,16,1700,1.8605845131446637,1.9863204789487225,2.318316844263713
AV-IDM,44,17,1800,1.8605845131446637,1.9370969496628507,2.102069736593157
AV-IDM,44,18,1900,1.860579453512994,1.9078309840978775,2.1529109663563757
AV-IDM,44,19,2000,1.8461431266697539,1.8991222311328684,2.1934863169136247
AV-IDM,44,20,2100,1.8461431266697539,1.9096599064834874,2.3209831345944623
AV-IDM,44,21,2200,1.841782579689784,1.9004870485797287,2.135875713379606
AV-IDM,44,22,2300,1.841782579689784,1.8985964601046608,2.495398617812397
AV-IDM,44,23,2400,1.841782579689784,1.8985529424038445,2.3507806526316264
AV-IDM,44,24,2500,1.841782579689784,1.8869336612620997,2.3903904376237417
AV-IDM,44,25,2600,1.8412487730836344,1.8845070124922672,2.1352003094288343
AV-IDM,44,26,2700,1.8412487730836344,1.885435117972784,2.123674033668182
AV-IDM,44,27,2800,1.8412487730836344,1.880733413666873,2.027968780140165
AV-IDM,44,28,2900,1.8397845346206445,1.888690365092069,2.1218631188196904
AV-IDM,44,29,3000,1.8397845346206445,1.8833071022139478,2.3588056704820066
AV-IDM,44,30,3100,1.8397845346206445,1.8821790382680135,2.0827654099320365
AV-IDM,44,31,3200,1.8362052637743056,1.8804499492804574,2.18925011165221
AV-IDM,44,32,3300,1.8362052637743056,1.8683129041606157,1.9337628551777397
AV-IDM,44,33,3400,1.8362052637743056,1.8676427228737607,2.236681694489268
AV-IDM,44,34,3500,1.8362052637743056,1.8566433727930138,2.1382567074353234
AV-IDM,44,35,3600,1.8362052637743056,1.863422859179197,2.2322651421304447
AV-IDM,44,36,3700,1.8362052637743056,1.8412487730836344,2.5645365904582356
AV-IDM,44,37,3800,1.8274308708079106,1.8362065632385183,2.1159690522140413
AV-IDM,44,38,3900,1.8274308708079106,1.8362052637743056,2.3181841353456787
AV-IDM,44,39,4000,1.82743051345329,1.8362052637743056,2.204662995120973
AV-IDM,44,40,4100,1.82743051345329,1.8362052637743056,1.9074825514237275
AV-IDM,44,41,4200,1.82743051345329,1.8362050454746581,2.422693572436786
AV-IDM,44,42,4300,1.82743051345329,1.8274308708079106,2.0227385449999122
AV-IDM,44,43,4400,1.82743051345329,1.8274308708079106,2.288534782145274
AV-IDM,44,44,4500,1.82743051345329,1.8274307844021815,2.0724062613013454
AV-IDM,44,45,4600,1.8273249803731124,1.82743051345329,2.1603079878552705
AV-IDM,44,46,4700,1.8273249803731124,1.82743051345329,2.0401273334689285
AV-IDM,44,47,4800,1.8273249803731124,1.82743051345329,2.208426669689557
AV-IDM,44,48,4900,1.8273249803731124,1.82743051345329,1.9840250955638299
AV-IDM,44,49,5000,1.8273249803731124,1.8273249803731124,2.1623028112626317
AV-IDM,44,50,5100,1.8273249803731124,1.8273249803731124,2.1162886763588555
AV-IDM,44,51,5200,1.8273249803731124,1.8273249803731124,2.1411759736910096
AV-IDM,44,52,5300,1.8273249803731124,1.8273249803731124,1.9591763058996507
AV-IDM,44,53,5400,1.8273249803731124,1.8273249803731124,2.244750754441598
AV-IDM,44,54,5500,1.8273249803731124,1.8273249803731124,1.9814266172155248
AV-IDM,44,55,5600,1.827319831248569,1.8273249803731124,2.0943504665676347
AV-IDM,44,56,5700,1.827319831248569,1.8273249803731124,2.1185490637895303
AV-IDM,44,57,5800,1.827319831248569,1.8273249803731124,2.165483884290935
AV-IDM,44,58,5900,1.827319831248569,1.8273249803731124,2.2539385023682903
AV-IDM,44,59,6000,1.827319831248569,1.8273249803731124,2.1722121395501373
AV-IDM,44,60,6100,1.827319831248569,1.827319831248569,1.991110544481146
AV-IDM,44,61,6200,1.827319831248569,1.827319831248569,1.9101878556988394
AV-IDM,44,62,6300,1.827319831248569,1.827319831248569,2.2303158173458897
AV-IDM,44,63,6400,1.827319831248569,1.827319831248569,2.2963965323574356
AV-IDM,44,64,6500,1.827319831248569,1.827319831248569,2.3305492497612392
AV-IDM,44,65,6600,1.8273192559594946,1.827319831248569,2.063467570332042
AV-IDM,44,66,6700,1.8273192559594946,1.827319831248569,2.1664589209446827
AV-IDM,44,67,6800,1.8273192559594946,1.827319831248569,2.292509196137479
AV-IDM,44,68,6900,1.8273192559594946,1.827319831248569,2.1817199408538666
AV-IDM,44,69,7000,1.8273192559594946,1.827319831248569,2.0063517880019903
AV-IDM,44,70,7100,1.8273177134111849,1.8273192559594946,2.0157039841023554
AV-IDM,44,71,7200,1.8273176432783407,1.8273192559594946,1.9533803669417573
AV-IDM,44,72,7300,1.8273176432783407,1.8273192559594946,2.053918340011602
AV-IDM,44,73,7400,1.8273176432783407,1.8273192559594946,2.2159350239085374
AV-IDM,44,74,7500,1.8273176432783407,1.8273192559594946,2.2002470638258407
AV-IDM,44,75,7600,1.8273176432783407,1.8273177134111849,2.0021070243901775
AV-IDM,44,76,7700,1.8273176432783407,1.8273177134111849,2.0602225274883437
AV-IDM,44,77,7800,1.8273176229661492,1.8273176783447629,2.0017883584739273
AV-IDM,44,78,7900,1.8273176229661492,1.8273176432783407,2.0521273602369194
AV-IDM,44,79,8000,1.8273176229661492,1.8273176432783407,2.3047911961226664
AV-IDM,44,80,8100,1.8273176229661492,1.8273176432783407,2.1984030667593935
AV-IDM,45,0,100,3.044860852631435,13.860549522801007,12.912196888383432
AV-IDM,45,1,200,3.044860852631435,9.652161189966158,9.968039444582374
AV-IDM,45,2,300,2.4045716688173004,6.55654524226995,7.133475872259481
AV-IDM,45,3,400,2.3916190380849534,5.249223536399325,5.518465061255913
AV-IDM,45,4,500,2.3916190380849534,4.6025962941637975,5.2285891710172505
AV-IDM,45,5,600,2.3916190380849534,4.15613766484176,5.073999743754932
AV-IDM,45,6,700,2.212903432903473,3.94627471469117,4.898935923691215
AV-IDM,45,7,800,2.074279949400577,3.7106076823611795,4.739688005160305
AV-IDM,45,8,900,2.074279949400577,3.499476074434326,4.6423502469845195
AV-IDM,45,9,1000,2.0290153081081725,3.449240614978973,4.2130177204724575
AV-IDM,45,10,1100,2.0290153081081725,3.5405127044852245,4.186937726740545
AV-IDM,45,11,1200,1.9766051227038346,2.8558348263191595,3.5229056116128534
AV-IDM,45,12,1300,1.9311673746497022,2.4936482027474436,3.1749974016830076
AV-IDM,45,13,1400,1.9097200465594488,2.4248830152107876,3.225139205440145
AV-IDM,45,14,1500,1.878743229644232,2.0791708551627632,2.534953484879269
AV-IDM,45,15,1600,1.878743229644232,2.0088925887868427,2.0614742061512787
AV-IDM,45,16,1700,1.8330045259354777,1.9728669970836428,2.0233970575158433
AV-IDM,45,17,1800,1.8256734891368767,1.9560140242669757,2.0236302721183366
AV-IDM,45,18,1900,1.8179628282056115,1.9557771582212538,2.0287384394114936
AV-IDM,45,19,2000,1.8073657984852602,1.9143412568732698,2.0415014797198374
AV-IDM,45,20,2100,1.7932799121273677,1.8495638288355476,2.035093702420675
AV-IDM,45,21,2200,1.7904125567986442,1.8299591000942166,1.8809713950531504
AV-IDM,45,22,2300,1.7888047850122095,1.8225108430971222,1.8911055727540755
AV-IDM,45,23,2400,1.7888047850122095,1.8226142468272457,1.8967010257660075
AV-IDM,45,24,2500,1.7869731999742136,1.8208673194528613,1.906788550382975
AV-IDM,45,25,2600,1.7869731999742136,1.8151856225016774,1.8676320143668865
AV-IDM,45,26,2700,1.7782270008381496,1.8107992210542991,1.8710498446548514
AV-IDM,45,27,2800,1.7782270008381496,1.8083072917718792,1.8517256955946586
AV-IDM,45,28,2900,1.7755131551232086,1.8069654938224207,2.0448025141032193
AV-IDM,45,29,3000,1.7748264020181743,1.8047709368395886,2.0085386861478955
AV-IDM,45,30,3100,1.7748264020181743,1.8044705500466858,1.9144064962879441
AV-IDM,45,31,3200,1.7742371049018775,1.805684093195687,1.979979507585569
AV-IDM,45,32,3300,1.7730272592603114,1.8019494474039837,1.8944556713478458
AV-IDM,45,33,3400,1.7727219811555752,1.7926255204845463,1.8642921782473865
AV-IDM,45,34,3500,1.7602260828845488,1.7846980964927046,1.7997788192417195
AV-IDM,45,35,3600,1.7602260828845488,1.7755131551232086,1.818015412513207
AV-IDM,45,36,3700,1.7601600881781772,1.7847562553708636,1.8718355714653305
AV-IDM,45,37,3800,1.7551872751754862,1.7730272592603114,1.8409845670312563
AV-IDM,45,38,3900,1.7551872751754862,1.7728692559245376,1.791727283825134
AV-IDM,45,39,4000,1.7525973432306778,1.7647780025207949,1.9485325990428533
AV-IDM,45,40,4100,1.7525973432306778,1.7602260828845488,1.848085910531257
AV-IDM,45,41,4200,1.7113535093131649,1.7602260828845488,1.8018198735611566
AV-IDM,45,42,4300,1.7113535093131649,1.7602260828845488,1.9236235206988055
AV-IDM,45,43,4400,1.7113535093131649,1.7699068090939025,1.9767430716026309
AV-IDM,45,44,4500,1.7113486921685865,1.7602260828845488,1.905667842790872
AV-IDM,45,45,4600,1.7089106483405136,1.7557989360454211,1.9877986641307899
AV-IDM,45,46,4700,1.7089106483405136,1.7321397878230502,1.8377226595890328
AV-IDM,45,47,4800,1.7089106483405136,1.7114113055198357,1.7661500090450246
AV-IDM,45,48,4900,1.6890790549208035,1.7113511007408757,1.7833227741772613
AV-IDM,45,49,5000,1.6890790549208035,1.7113486921685865,1.8258236587006444
AV-IDM,45,50,5100,1.6890790549208035,1.7113486921685865,1.717060791751097
AV-IDM,45,51,5200,1.6890790549208035,1.7113486921685865,1.7820799766617013
AV-IDM,45,52,5300,1.6890790549208035,1.7113486921685865,1.8346203669391101
AV-IDM,45,53,5400,1.6890790549208035,1.711098355726566,1.8219380755735228
AV-IDM,45,54,5500,1.6890648257806664,1.6890790549208035,1.7944296337837182
AV-IDM,45,55,5600,1.6890648257806664,1.6890790549208035,1.7569275322915212
AV-IDM,45,56,5700,1.6890648257806664,1.6890790549208035,1.712846721317954
AV-IDM,45,57,5800,1.6890648257806664,1.6890790549208035,1.7948846370578917
AV-IDM,45,58,5900,1.6890648257806664,1.6890790549208035,1.7859596970345049
AV-IDM,45,59,6000,1.6890648257806664,1.6890648257806664,1.873539168847914
AV-IDM,45,60,6100,1.6890648257806664,1.6890648257806664,1.7324149381613125
AV-IDM,45,61,6200,1.6890648257806664,1.6890648257806664,1.7768333730845915
AV-IDM,45,62,6300,1.6890648257806664,1.6890648257806664,1.8748206236620208
AV-IDM,45,63,6400,1.6890648257806664,1.6890648257806664,1.7831091313045797
AV-IDM,45,64,6500,1.6890648257806664,1.6890648257806664,1.776081873287289
AV-IDM,45,65,6600,1.6890615759531806,1.6890648257806664,1.7608967281249142
AV-IDM,45,66,6700,1.6890615759531806,1.6890648257806664,1.8029690665655747
AV-IDM,45,67,6800,1.6890615759531806,1.6890648257806664,1.844788458778114
AV-IDM,45,68,6900,1.6890615759531806,1.6890648257806664,1.8080360906658746
AV-IDM,45,69,7000,1.6890615759531806,1.6890615759531806,1.7501979923827287
AV-IDM,45,70,7100,1.6890615759531806,1.6890615759531806,1.7611639927677842
AV-IDM,45,71,7200,1.6890592784130858,1.6890615759531806,1.8298504845294252
AV-IDM,45,72,7300,1.6890592784130858,1.6890615759531806,1.7208486895783321
AV-IDM,45,73,7400,1.6890592784130858,1.6890615759531806,1.7567468350102176
AV-IDM,45,74,7500,1.6890592784130858,1.6890615759531806,1.715666424933085
AV-IDM,45,75,7600,1.6890592784130858,1.6890615759531806,1.7485381266317617
AV-IDM,45,76,7700,1.6890592784130858,1.6890592784130858,1.846307012101111
AV-IDM,45,77,7800,1.6890592784130858,1.6890592784130858,1.8046154490504824
AV-IDM,45,78,7900,1.6890592784130858,1.6890592784130858,1.7769272179321143
AV-IDM,45,79,8000,1.6890592784130858,1.6890592784130858,1.7796390156147024
AV-IDM,45,80,8100,1.6890592784130858,1.6890592784130858,1.9407684137953336
AV-IDM,46,0,100,3.6374469570622874,13.585716770262426,13.247127730710327
AV-IDM,46,1,200,2.6575972703880884,10.814155494674146,10.499041841410845
AV-IDM,46,2,300,2.6575972703880884,8.861441670991187,8.657670254069526
AV-IDM,46,3,400,2.501354774137627,6.554593131416625,6.828145617182592
AV-IDM,46,4,500,2.501354774137627,5.189076958520684,5.987462156665333
AV-IDM,46,5,600,2.1827425503127134,4.221695392262243,4.8849695110655675
AV-IDM,46,6,700,2.1403461080279245,3.8346024648347745,4.712715910215154
AV-IDM,46,7,800,2.1403461080279245,3.7205974789488305,4.763085985809227
AV-IDM,46,8,900,2.1403461080279245,3.254897347617057,4.211352899371445
AV-IDM,46,9,1000,2.0837416954998775,2.8563399060946453,3.1970423593434174
AV-IDM,46,10,1100,2.0837416954998775,2.66432386782597,2.8961976022413456
AV-IDM,46,11,1200,2.0605225540349905,2.4276630065152283,2.7359239559571473
AV-IDM,46,12,1300,2.0605225540349905,2.293828261882994,2.741190614749578
AV-IDM,46,13,1400,2.0605225540349905,2.2007159849260054,2.626889735223999
AV-IDM,46,14,1500,2.0554238950398807,2.1718981258662797,2.5739198073736604
AV-IDM,46,15,1600,2.039926915246029,2.150985108334074,2.4115764224579608
AV-IDM,46,16,1700,2.0170739957569057,2.14110980657873,2.5090698291428977
AV-IDM,46,17,1800,1.9212470047540233,2.107397599523117,2.2094808684691336
AV-IDM,46,18,1900,1.8902292375467373,2.0984297541532797,2.269805148085121
AV-IDM,46,19,2000,1.8690866175706193,2.0802461569257398,2.317672198414644
AV-IDM,46,20,2100,1.8627102237584348,2.064173600750396,2.116422272029007
AV-IDM,46,21,2200,1.8627102237584348,1.9676471131013948,2.410838125229331
AV-IDM,46,22,2300,1.8627102237584348,1.9288949473903902,2.220574635128089
AV-IDM,46,23,2400,1.8566966890124312,1.919163167387927,2.105479538970716
AV-IDM,46,24,2500,1.8418838158461506,1.9147438885858958,2.2928550991528294
AV-IDM,46,25,2600,1.8313008789666911,1.9020117528729406,2.3385992937487536
AV-IDM,46,26,2700,1.8313008789666911,1.9016300489244355,2.1943987498579025
AV-IDM,46,27,2800,1.8313008789666911,1.893505566769996,2.09533885471914
AV-IDM,46,28,2900,1.8313008789666911,1.888551551259028,2.0347198557470985
AV-IDM,46,29,3000,1.8313008789666911,1.882318458204583,2.1588256903326735
AV-IDM,46,30,3100,1.8288864938036453,1.8815464803343316,2.0647390290244023
AV-IDM,46,31,3200,1.8288864938036453,1.867984184095202,2.11078771622178
AV-IDM,46,32,3300,1.8288864938036453,1.8628826810130052,1.949721260492332
AV-IDM,46,33,3400,1.8288864938036453,1.8313008789666911,1.9738875396862878
AV-IDM,46,34,3500,1.8288864938036453,1.8313008789666911,2.094326016358434
AV-IDM,46,35,3600,1.8288864938036453,1.8313008789666911,1.9728905739885128
AV-IDM,46,36,3700,1.8288864938036453,1.8313008789666911,2.0289683580446773
AV-IDM,46,37,3800,1.8288864938036453,1.8288912190999036,2.1810515598760607
AV-IDM,46,38,3900,1.8288864938036453,1.8288864938036453,1.917013021939672
AV-IDM,46,39,4000,1.8288853488393861,1.8288864938036453,2.054778982403788
AV-IDM,46,40,4100,1.8288853488393861,1.8288864938036453,2.0576051423192627
AV-IDM,46,41,4200,1.8288853488393861,1.8288864938036453,1.9280974417401289
AV-IDM,46,42,4300,1.8288853488393861,1.8288864938036453,2.204051008393988
AV-IDM,46,43,4400,1.8288781769222542,1.8288864938036453,2.1178114108188972
AV-IDM,46,44,4500,1.8288781769222542,1.8288864938036453,1.965648282384947
AV-IDM,46,45,4600,1.8288781769222542,1.8288864938036453,2.095774781624556
AV-IDM,46,46,4700,1.8288781769222542,1.828884949202703,2.2156866214617192
AV-IDM,46,47,4800,1.8288781769222542,1.8288781769222542,2.068232601170473
AV-IDM,46,48,4900,1.8288781769222542,1.8288781769222542,2.0598553954126086
AV-IDM,46,49,5000,1.8288781769222542,1.8288781769222542,1.9607357547221473
AV-IDM,46,50,5100,1.8288781769222542,1.8288781769222542,2.18469855470458
AV-IDM,46,51,5200,1.8288781769222542,1.8288781769222542,2.0672517325583764
AV-IDM,46,52,5300,1.8288781769222542,1.8288781769222542,2.024761836196914
AV-IDM,46,53,5400,1.8288781769222542,1.8288781769222542,2.0945379143224896
AV-IDM,46,54,5500,1.8288781769222542,1.8288781769222542,1.9710473426532347
AV-IDM,46,55,5600,1.8288773270405456,1.8288781769222542,2.136724760001675
AV-IDM,46,56,5700,1.8288773270405456,1.8288781769222542,1.8567181591356599
AV-IDM,46,57,5800,1.8288773270405456,1.8288781769222542,2.11620906129849
AV-IDM,46,58,5900,1.8288773270405456,1.8288781769222542,2.1386236393553535
AV-IDM,46,59,6000,1.8288773270405456,1.8288773270405456,2.1038730273012036
AV-IDM,46,60,6100,1.8288773270405456,1.8288773270405456,2.0783658620421055
AV-IDM,46,61,6200,1.8288773270405456,1.8288773270405456,2.1519090576314386
AV-IDM,46,62,6300,1.8288773270405456,1.8288773270405456,2.062592609882779
AV-IDM,46,63,6400,1.8288773270405456,1.8288773270405456,2.487870054030487
AV-IDM,46,64,6500,1.8288773270405456,1.8288773270405456,2.2139366714082764
AV-IDM,46,65,6600,1.8288773270405456,1.8288773270405456,1.9882894629146697
AV-IDM,46,66,6700,1.8288773270405456,1.8288773270405456,2.045404368703859
AV-IDM,46,67,6800,1.8288773270405456,1.8288773270405456,2.401521823644751
AV-IDM,46,68,6900,1.8288773270405456,1.8288773270405456,2.195463249467466
AV-IDM,46,69,7000,1.8288773270405456,1.8288773270405456,2.1866359386544105
AV-IDM,46,70,7100,1.8288773270405456,1.8288773270405456,2.100133264467565
AV-IDM,46,71,7200,1.8288773270405456,1.8288773270405456,2.2963261461709736
AV-IDM,46,72,7300,1.8288773270405456,1.8288773270405456,2.0661557980055805
AV-IDM,46,73,7400,1.8288773270405456,1.8288773270405456,2.0323925307171744
AV-IDM,46,74,7500,1.8288773270405456,1.8288773270405456,2.1629770097580105
AV-IDM,46,75,7600,1.8282589011013375,1.8288773270405456,2.2375439113214215
AV-IDM,46,76,7700,1.8282589011013375,1.8288773270405456,2.1414671187346177
AV-IDM,46,77,7800,1.8282589011013375,1.8288773270405456,1.973241281701874
AV-IDM,46,78,7900,1.8282589011013375,1.8288773270405456,1.9524852791265122
AV-IDM,46,79,8000,1.8282589011013375,1.8288773270405456,2.054625300544713
AV-IDM,46,80,8100,1.8282589011013375,1.8288773270405456,2.1326545094096026
