x1,y1,x2,y2,v1,v2,a1,a2,c1,c2,s1,s2
-0.69066203,26.08643901,-17.77523041,23.53988231,6.29792668389897,3.7820943312514155,0.33742731875869403,-0.343970332238106,0.31309714290238816,0.03186554443522502,17.224782736289846,0.0
-0.09148724,26.28041936,-17.39721298,23.55193212,6.331669415774839,3.747697298027605,0.2240741924712264,-0.28131553277770394,0.311840214510733,0.026362332760878692,17.854575407665592,0.37821000034925906
0.51114243,26.4746817,-17.02257347,23.56181078,6.354076835021962,3.7195657447498345,0.1439108065920891,-0.11661534391285144,0.3089074631687202,0.02180784934255079,18.487742488849722,0.7529801234216045
1.11647391,26.66785707,-16.65070534,23.56992171,6.368467915681171,3.7079042103585493,0.0840299349980711,0.1547475829830125,0.30523527714891324,0.018135038537268496,19.123150490227125,1.1249369585409918
1.72388327,26.85924073,-16.27997589,23.57664564,6.376870909180978,3.7233789686568506,0.04739013278281412,0.49819054945278385,0.3016536732319814,0.015281983167802084,19.759997656747043,1.4957275430166255
2.33277655,27.04869732,-15.90768147,23.58233548,6.381609922459259,3.773198023602129,0.03639218502883068,0.8662252699206707,0.298881700903314,0.013202155507587326,20.397685037335414,1.8680655337689882
2.94264555,27.23660489,-15.53039455,23.58731677,6.385249140962142,3.859820550594196,0.050033267066158515,1.2006878406344779,0.2975227346202214,0.011872955254228995,21.035846155956243,2.2453853818780796
3.55311728,27.42379018,-15.1444397,23.59189941,6.390252467668758,3.979889334657644,0.0957606129844546,1.4503468439528522,0.2980623751563713,0.011298695259159209,21.674371078240284,2.631367451787562
4.16396618,27.61145181,-14.74647617,23.59639607,6.399828528967204,4.124924019052929,0.17924459596390108,1.5970915124548846,0.30087004840915926,0.011507617457973658,22.313396397582068,3.029356385980797
4.77520037,27.80111155,-14.33401108,23.60114277,6.417752988563594,4.2846331702984175,0.3031752749859784,1.640642102689256,0.30620500091350206,0.012543573096357081,22.953379685185187,3.4418487945040197
5.38712311,27.9945698,-13.90558147,23.60651709,6.448070516062192,4.448697380567343,0.4718051214123964,1.6088951643375982,0.31422664987026266,0.014455273987987518,23.595156172839644,3.8703121500551108
6.00035763,28.19386746,-13.46075821,23.61294758,6.495251028203431,4.609586897001103,0.6898412197257642,1.5308017163619425,0.3250072589338273,0.017286357796103487,24.239965599114118,4.315181991770153
6.61587906,28.401271,-12.99986839,23.62091548,6.564235150176008,4.762667068637297,0.9447979632894832,1.4414496049309555,0.33854591022068503,0.021069271177745475,24.88949470689845,4.776140891229626
7.23504305,28.61927968,-12.52370739,23.63094933,6.658714946504956,4.906812029130393,1.2370802063102637,1.3594273363286735,0.35477988313557296,0.025822383228931992,25.545924294975666,5.2524079592960256
7.85944605,28.85059276,-12.03318977,23.64361848,6.782422967135982,5.04275476276326,1.5542360395930999,1.3002947307935742,0.3735920743572586,0.03155116670856382,26.211804333527176,5.7430897241151735
8.49090481,29.09812548,-11.52916527,23.65952632,6.937846571095292,5.1727842358426175,1.874446974213786,1.2675957357657897,0.3948143035727715,0.03825022173136238,26.890057984034783,6.247366012054869
9.13131523,29.36498058,-11.01226521,23.67930751,7.125291268516671,5.2995438094191964,2.1826085737436074,1.2463632808802139,0.4182243808788326,0.0459066761743902,27.583857089403946,6.764645547436006
9.78243256,29.6543661,-10.48286915,23.70362741,7.343552125891032,5.424180137507218,2.459127720065002,1.240043881071644,0.44354003039779843,0.05450083157414234,28.29640390947923,7.2946013874410305
10.44573021,29.96950703,-9.94125652,23.73317501,7.589464897897532,5.548184525614382,2.675428385829921,1.2388009769748276,0.47041518064117854,0.06400710598687058,29.030780061421872,7.83702125465273
11.12224007,30.31350439,-9.3875742,23.76866309,7.857007736480524,5.672064623311865,2.8080875083771595,1.230051801702725,0.4984389542313755,0.07439407855549837,29.789750508815192,8.391841997167933
11.81234455,30.68911258,-8.82193661,23.81082098,8.13781648731824,5.7950698034821375,2.8335056592420216,1.2225844075755443,0.5271429637692316,0.08562317383399293,30.575477782879155,8.959051224512281
12.51565361,31.09849863,-8.24455261,23.8603796,8.421167053242442,5.917328244239692,2.737554122117576,1.215443757204282,0.556019895756402,0.09764834833396377,31.389287723454537,9.538561474119868
13.23091602,31.54297611,-7.65563869,23.91806955,8.6949224654542,6.03887261996012,2.5117363963937223,1.2031919165005789,0.5845533993022576,0.11041729863749472,32.23143353821574,10.13029809358103
13.95603657,32.0227854,-7.05542898,23.98461374,8.946096105093572,6.159191811610178,2.155596047336168,1.1878377440001753,0.6122555825710829,0.12387140301183043,33.10095461829526,10.734189688804191
14.68814373,32.53693077,-6.44422913,24.06071355,9.161655709827189,6.277975586010196,1.6946608907960226,1.1763556808941633,0.6387050271846885,0.13794604335140542,33.99559171622179,11.35011374140673
15.42370415,33.0831086,-5.82239532,24.14704134,9.331121798906791,6.395611154099612,1.1464767352999594,1.15911975209122,0.6635810986548162,0.15257255220438498,34.911782543797486,11.977916696830672
16.15880203,33.65785154,-5.19026375,24.24424267,9.445769472436787,6.511523129308734,0.5536215931354249,1.1418787494311555,0.6866860710131382,0.16767910266216834,35.844917169926845,12.617483711854764
16.88929176,34.25669239,-4.548244,24.35291638,9.50113163175033,6.6257110042518494,-0.03583871847778752,1.1282028718794646,0.7079526599374538,0.18319161444536725,36.78951351327582,13.268642394997048
17.6110878,34.87453177,-3.89675951,24.4736161,9.49754775990255,6.738531291439796,-0.5732297907317729,1.1170664179785472,0.7274392795690633,0.19903628409857543,37.73964309182881,13.931220294990561
18.32044029,35.50608001,-3.23620987,24.60685353,9.440224780829373,6.850237933237651,-1.030456930230752,1.1063360276475898,0.74531331670894,0.21514128731461812,38.6894116322623,14.605080601157008
19.01417923,36.14631803,-2.56697845,24.75309615,9.337179087806298,6.96087153600241,-1.3864005272746027,1.102088551710274,0.7618251107195845,0.23143793340218183,39.63344567761294,15.29011189597058
19.68979645,36.79081047,-1.88945067,24.91276278,9.198539035078838,7.071080391173437,-1.6213338009634803,1.09785447555371,0.7772781689569963,0.24786258220176888,40.567173452379635,15.986206824410562
20.34549141,37.43594249,-1.20395255,25.08623931,9.03640565498249,7.180865838728808,-1.7450889777588863,1.0934946840529403,0.7920016944114349,0.26435771997478164,41.487036013648236,16.6933228560278
20.98022842,38.07911836,-0.51081192,25.27386769,8.861896757206601,7.290215307134102,-1.771553956865457,1.0799263906299128,0.8063260027736481,0.28087244154758556,42.39068446105062,17.411417600799414
21.59360886,38.71872494,0.18964215,25.47594809,8.684741361520055,7.398207946197093,-1.720734236454522,1.0503989724578044,0.8205620797346354,0.29736233122300954,43.276881610237645,18.140447410754646
22.18574333,39.35403911,0.89699417,25.69271508,8.512667937874603,7.503247843442874,-1.6069327143824452,0.9900938214249599,0.8349867424315092,0.31378877308977693,44.145363124547764,18.880276561445662
22.75710297,39.98507264,1.6106813,25.92431379,8.351974666436359,7.60225722558537,-1.4609839639721933,0.8969229281577107,0.8498330013623859,0.3301175550999649,44.99663747940419,19.630609738126463
23.308424,40.61244807,2.32985806,26.17074418,8.20587627003914,7.691949518401141,-1.2909926734215382,0.7586216701617587,0.865283089104129,0.3463181355203616,45.831842900243636,20.390843848964597
23.84051323,41.23714408,3.05338502,26.43183729,8.076777002696986,7.767811685417317,-1.1076861561352302,0.5777506004185184,0.8814646211106969,0.36236299263577076,46.652439059822214,21.160047137870087
24.35421371,41.86040573,3.77972341,26.70719438,7.966008387083463,7.8255867454591685,-0.9185407857898653,0.3510837215242102,0.898450297018708,0.3782274056890084,47.460125998655634,21.936836551977848
24.85035515,42.48363648,4.50697136,26.99617275,7.874154308504476,7.86069511761159,-0.7309849451649164,0.10115021749749431,0.9162596349610929,0.39388957276665554,48.25673688819857,22.719403338386453
25.32972717,43.10831682,5.23284626,27.29785289,7.801055813987984,7.870810139361339,-0.5221631519172121,-0.16396979975764836,0.9348624351576058,0.40933194550440477,49.04416320353853,23.505480777531254
25.79305458,43.73592532,5.95490408,27.61110842,7.748839498796263,7.854413159385574,-0.3029733477555929,-0.4132305501168698,0.9541877271052379,0.42454293116722325,49.82428048586605,24.29256949940672
26.24114799,44.36810997,6.67061949,27.9346351,7.718542164020704,7.813090104373887,-0.059396137882821165,-0.6329658383255232,0.9741341300124835,0.4395184497123524,50.59917690750649,25.078018275840858
26.67484093,45.00659988,7.37767029,28.267085,7.712602550232422,7.749793520541335,0.21709508231471553,-0.7926869355748956,0.99457993656818,0.4542633931968755,51.37104427213856,25.859334476677724
27.09506607,45.65332487,8.07405472,28.60714635,7.734312058463893,7.670524826983845,0.5243235082500242,-0.8614773523880981,1.0153954979252042,0.4687928772838351,52.142318231171316,26.634320741579458
27.50288391,46.31050098,8.75835323,28.95370812,7.786744409288896,7.5843770917450355,0.858253684847119,-0.8329774086238206,1.0364523219574702,0.4831354536564249,52.915763580344226,27.40137988086414
27.89944458,46.98063046,9.42998219,29.30604645,7.872569777773608,7.501079350882653,1.1992554853354953,-0.7093594248697777,1.0576284330456966,0.4973345369887991,53.694452514552516,28.15982401920413
28.28594017,47.66648373,10.08922005,29.66391145,7.992495326307157,7.430143408395676,1.5496663325326132,-0.5089907532096571,1.078809040463055,0.5114477881943936,54.48172422059571,28.909938202639903
28.66348839,48.37093895,10.73715591,30.0275726,8.147461959560419,7.37924433307471,1.875305316882372,-0.259715741758928,1.0998867001021368,0.525545276027952,55.280988643616176,29.652958691995707
29.03313637,49.09700488,11.37549782,30.39777805,8.334992491248656,7.353272758898817,2.1626345866111407,0.0017428429884880359,1.1207586674314183,0.5397055766601818,56.09574979283305,30.390889248345697
29.39570808,49.84751321,12.00630569,30.77565056,8.55125594990977,7.353447043197666,2.370494932339735,0.23499375027493663,1.1413227569745337,0.5540105990132499,56.9292639688234,31.12622271479148
29.75177574,50.62498064,12.63165855,31.16251699,8.788305443143743,7.37694641822516,2.498995278008991,0.4249216797601818,1.161473878308471,0.5685387117642091,57.784404359175475,31.861573768287805
30.10153961,51.4312116,13.25330544,31.55969268,9.038204970944642,7.419438586201178,2.511416763401275,0.5720075305422601,1.1811041747809043,0.5833594846234486,58.66324941831759,32.59927501796073
30.44490433,52.26726911,13.87254429,31.9683783,9.28934664728477,7.476639339255404,2.4167167122948285,0.6855682726299772,1.2001054018675326,0.5985315075085056,59.5670839982352,33.34122581609063
30.78141975,53.133108,14.49023724,32.38963449,9.531018318514253,7.5451961665184015,2.212234158191162,0.7995068092115609,1.2183729937704733,0.6141025582917923,60.4960321331865,34.08889710648401
31.11040497,54.02763124,15.10689926,32.82440777,9.752241734333369,7.625146847439558,1.9073254173038023,0.9287164480731303,1.2358131581708232,0.6301127410837979,61.44914665615677,34.843424549542384
31.43101311,54.9486484,15.72298145,33.27370876,9.94297427606375,7.718018492246871,1.557278582295698,1.1053579374337996,1.2523479388576186,0.6465989010910729,62.42438257521999,35.60594761494699
31.74232101,55.8929549,16.33898544,33.73870035,10.098702134293319,7.828554285990251,1.1722837369209138,1.3102270389698578,1.2679223837763278,0.6635988977297498,63.418690698275284,36.37775846534767
32.04352951,56.85685909,16.95570374,34.22090483,10.21593050798541,7.959576989887236,0.804439033742117,1.5326292325363244,1.2825077055544594,0.6811527660082318,64.42857049528104,37.16062362115753
32.33398056,57.83629288,17.57404137,34.72211061,10.296374411359622,8.112839913140869,0.47091222298361046,1.731454484862116,1.2961009038684264,0.6992987185576309,65.45017199869065,37.95659187734878
32.61327362,58.82732701,18.19491196,35.24431883,10.343465633657983,8.28598536162708,0.2259233274989647,1.8715586005147244,1.3087227926004203,0.7180661489742246,66.4798168028722,38.76788737172374
32.8812561,59.82635564,18.81891251,35.7894783,10.36605796640788,8.473141221678553,0.046655892507576624,1.9221781257452264,1.320414787624358,0.7374652411593039,67.51416973060857,39.596498482671265
33.13809967,60.83063795,19.44607353,36.3592241,10.370723555658637,8.665359034253076,-0.0302341268868922,1.860003699457149,1.3312332356909273,0.7574771092875973,68.55078098833445,40.44382631640688
33.38417435,61.83809332,20.07567406,36.95461275,10.367700142969948,8.85135940419879,-0.04948446098918424,1.6954571124733597,1.341243816591609,0.7780460190655261,69.5878580213942,41.31037711235512
33.62008286,62.84766711,20.70614433,37.5758799,10.36275169687103,9.020905115446126,-0.0073465300785890975,1.4605026568747803,1.3505164398673641,0.7990772720710735,70.62463204865999,42.195529040459846
33.84651184,63.85890207,21.33523369,38.22241982,10.36201704386317,9.166955381133604,0.06911112245559181,1.192237528886153,1.3591202776959848,0.820443909574218,71.66091065331999,43.097636491361854
34.06421661,64.87197591,21.96032524,38.89293549,10.36892815610873,9.28617913402222,0.13646064216871423,0.9247527654282273,1.3671212928035938,0.8419982821683738,72.69711532535915,44.014349676274065
34.27394867,65.88743599,22.57876015,39.58566162,10.382574220325601,9.378654410565042,0.19682605463607672,0.7099433893727713,1.3745790574015013,0.8635852564464002,73.73401071497071,44.94298564540021
34.47636795,66.90577037,23.18810654,40.29860521,10.402256825789209,9.44964874950232,0.22154781018141279,0.5344674330656574,1.381545865030802,0.8850573530805953,74.77227038066559,45.88086925219198
34.67205811,67.92742336,23.78650093,41.02996201,10.42441160680735,9.503095492808885,0.21444224903632403,0.41714104795236295,1.3880668761061652,0.9062834084691619,75.81249802823399,46.82585211726719
34.86148453,68.95250931,24.3725338,41.77806208,10.445855831710983,9.544809597604122,0.16102894532448175,0.3355197394420628,1.3941804922831584,0.9271522083385396,76.85494092370678,47.77617924094318
35.04501724,69.98084524,24.94533157,42.54156494,10.46195872624343,9.578361571548328,0.05703147619865234,0.2640864680287969,1.3999192052935205,0.947573737500063,77.89952803197637,48.73067717407919
35.22291946,71.01180431,25.50437737,43.31932962,10.467661873863296,9.604770218351208,-0.09143975549985583,0.18719330381296473,1.4053101572537623,0.9674747391494722,78.94572524959472,49.68852958019653
35.39535522,72.04426998,26.04933357,44.11023976,10.45851789831331,9.623489548732504,-0.28327645745994445,0.06822618748202558,1.410376156388294,0.9867946838308057,79.99249262953963,50.64902200901128
35.56241226,73.0766933,26.5799408,44.91309185,10.430190252567316,9.630312167480707,-0.5494438054852502,-0.08164088086171972,1.4151366037196182,1.0054809077209041,81.03834546872676,51.61138545567223
35.72411346,74.10710167,27.09581947,45.72629436,10.375245872018791,9.622148079394535,-0.8406473523751856,-0.2738699793252408,1.4196074548763893,1.0234867236526435,82.08136541777976,52.57443019359014
35.88037872,75.13279092,27.59654808,46.54795621,10.291181136781272,9.59476108146201,-1.1738664729181636,-0.5126573259653178,1.4238021958869445,1.0407719171027832,83.11889082330151,53.536657497600345
36.03110886,76.15081082,28.08161545,47.37578714,10.173794489489456,9.543495348865479,-1.5043910959352225,-0.7892185123351148,1.4277328404920564,1.057301668714683,84.14800964022132,54.49614504923523
36.17616272,77.15779658,28.55041504,48.20705724,10.023355379895934,9.464573497631967,-1.8429558774408328,-1.0982762883380381,1.4314105725614243,1.0730470724972485,85.16538969983205,55.45050494996238
36.31542206,78.15041099,29.00230026,49.03867089,9.83905979215185,9.354745868798163,-2.1147262479003537,-1.4249096535194816,1.4348463143887873,1.0879860659879284,86.16772577021935,56.39697158969373
36.44877243,79.12523849,29.43661308,49.86721484,9.627587167361815,9.212254903446215,-2.2916684162609613,-1.73549434411143,1.4380515887430536,1.1021042501206963,87.15163219505864,57.33245440742634
36.57619858,80.07952719,29.85274887,50.68909525,9.398420325735719,9.038705469035072,-2.347063752094556,-2.003760456057524,1.4410397860407798,1.115397219692061,88.11439130440722,58.25368711604741
36.69780731,81.01146837,30.25028992,51.50084834,9.163713950526263,8.83832942342932,-2.250182829664684,-2.181822458184133,1.443826352078306,1.127872668218562,89.05423366178556,59.157563909256716
36.81384659,81.9204631,30.62908554,52.29939361,8.938695667559795,8.620147177610907,-1.9152248445934283,-2.2542844204314427,1.4464290143845433,1.1395526650191647,89.97060533144698,60.041402225472254
36.92472839,82.80742873,30.98940849,53.08248795,8.747173183100452,8.394718735567762,-1.34291596992135,-2.2139001999995678,1.4488687556568765,1.1504742625492357,90.86447513453737,60.90342151909187
37.03111649,83.67565218,31.33195877,53.84889015,8.612881586108317,8.173328715567806,-0.5499512558500541,-2.097159199219636,1.451170191259374,1.1606874206793552,91.73919265026497,61.74289729530567
