time_s,leader_s_m,leader_v_mps,leader_a_mps2
0.0,35.98083391066906,9.808339106690632,0.5629585717801078
0.1,36.96729740705593,9.864634963868642,0.5150294962205937
0.2,37.958431907649405,9.91134500593475,0.33708394350716375
0.30000000000000004,38.95163708290641,9.932051752570075,0.35328350040067846
0.4,39.9498372535079,9.982001706014886,0.35577839311815573
0.5,40.95015799662727,10.003207431193706,0.235883860811974
0.6000000000000001,41.953075844444996,10.02917847817728,0.43824089061078375
0.7000000000000001,42.962161405376584,10.090855609315863,0.1673465960464693
0.8,43.96842618511524,10.062647797386575,0.09169708650742514
0.9,44.97934568777698,10.109195026617348,0.5953452633371281
1.0,45.997517372782376,10.181716850054,0.32087903869030043
1.1,47.01485445621792,10.173370834355408,-0.09662274460842113
1.2000000000000002,48.03109368633115,10.162392301132316,-0.12984788893736443
1.3,49.04583381198795,10.147401256567935,0.28174012920509917
1.4000000000000001,50.06770784468528,10.218740326973336,0.7373812147836123
1.5,51.097195594637746,10.294877499524658,0.7167810998852353
1.6,52.13340524933278,10.362096546950383,0.13839578518160423
1.7000000000000002,53.16566091498888,10.322556656560979,-0.3420614022618995
1.8,54.19502934163868,10.293684266498003,0.20216841029518484
1.9000000000000001,55.23132837550068,10.362990338620016,-0.0907526790554769
2.0,56.25888174856937,10.275533730686908,-0.4518200427100272
2.1,57.286144381577174,10.27262633007801,0.07334768917321988
2.2,58.31516470842932,10.290203268521552,0.1529349721659834
2.3000000000000003,59.345486040880445,10.303213324511207,-0.12683908479139916
2.4000000000000004,60.37196958603677,10.264835451563272,-0.01384213955418545
2.5,61.40201407569681,10.30044489660037,-0.20415408734451468
2.6,62.424414539106245,10.224004634094369,-0.0923796500593621
2.7,63.45261143576509,10.281968966588497,0.7263312450225801
2.8000000000000003,64.48953852407499,10.369270883098885,0.23916985571517557
2.9000000000000004,65.52251881784814,10.329802937731532,-0.3968283845231735
3.0,66.55150933846755,10.28990520619425,-0.21772556323236714
3.1,67.58013512097607,10.286257825085059,-0.4661495130157789
3.2,68.59980265133518,10.196675303591094,-0.15408105830626795
3.3000000000000003,69.62534681267755,10.255441613423805,-0.055092171837998194
3.4000000000000004,70.6439124995999,10.185656869223495,-0.17476674519651958
3.5,71.66596132603837,10.220488264384501,-0.33522682685145355
3.6,72.67782247642369,10.118611503853204,-0.04442641088002297
3.7,73.69898277464453,10.211602982208497,-0.023684223256061898
3.8000000000000003,74.71037024056474,10.113874659201992,-0.5633356987985927
3.9000000000000004,75.72026382480962,10.098935842448778,0.1489387805921627
4.0,76.73463006634165,10.143662415320424,0.1641515113275016
4.1000000000000005,77.74780668081308,10.131766144714279,-0.5437805789158112
4.2,78.7512973107668,10.034906299537262,-0.26320285969851476
4.3,79.75920986804427,10.079125572774576,0.38444607652412977
4.4,80.77038941952847,10.111795514842088,-0.1284893162055134
4.5,81.77573219048182,10.053427709533473,-0.05382699669798541
4.6000000000000005,82.78583520203208,10.10103011550249,0.21729277559446203
4.7,83.79552382849731,10.096886264652365,0.20509111552482473
4.800000000000001,84.80972866235805,10.142048338607456,-0.048204013763628595
4.9,85.81845320854802,10.08724546189964,-0.3176523760126404
5.0,86.82630499488852,10.078517863404928,-0.18455810245112225
5.1000000000000005,87.83133837902945,10.050333841409415,-0.5067538841272423
5.2,88.8290550876874,9.97716708657948,0.18051990316509503
5.300000000000001,89.83769886989163,10.086437822042434,0.32992957814584223
5.4,90.84201417011249,10.043153002208648,-0.35144475511318163
5.5,91.84362905721449,10.016148871019798,0.04747496682630192
5.6000000000000005,92.84889385677187,10.052647995573908,0.13953690401272922
5.7,93.85329948195411,10.044056251822344,0.0681926359496643
5.800000000000001,94.85992813423049,10.066286522763841,0.1213194584367816
5.9,95.86676014858145,10.0683201435097,0.14539244541447616
6.0,96.87629664976613,10.095365011846736,0.017212889313213964
6.1000000000000005,97.88347292190338,10.071762721372343,0.4690321468851888
6.2,98.90239006602573,10.189171441223774,0.3139621898781009
6.300000000000001,99.91584558196054,10.134555159347963,-0.4247892658422181
6.4,100.92626694076607,10.10421358805533,0.224261611155665
6.5,101.94420768892398,10.179407481579096,0.1305637618454103
6.6000000000000005,102.95724032296643,10.130326340424412,-0.10811575801991324
6.7,103.97301875596393,10.157784329975113,0.6976152888401455
6.800000000000001,105.00000369578319,10.269849398192441,0.4358141247259617
6.9,106.02449841127522,10.244947154920306,0.15260218650706037
7.0,107.0545353948246,10.300369835493854,0.17634758028124864
7.1000000000000005,108.08255706192226,10.280216670976555,0.07882611160630937
7.2,109.11417056770377,10.316135057815115,0.5267928646304032
7.300000000000001,110.15272809209402,10.385575243902636,0.6636272178893066
7.4,111.19761414223333,10.448860501392977,0.04902821111916644
7.5,112.23715223084598,10.39538088612647,-0.7959157852294041
7.6000000000000005,113.26611996528068,10.289677344347096,-0.1357440246611219
7.7,114.30294317340011,10.368232081194245,0.6602190659120843
7.800000000000001,115.34511528915306,10.421721157529513,0.705050149925146
7.9,116.39603950027099,10.509242111179274,-0.19573151251012888
8.0,117.43429698577374,10.382574855027487,-0.5807071487930582
8.1,118.4736070539158,10.393100681420663,0.21887787857679086
8.200000000000001,119.51624209699008,10.426350430742845,0.34689924816047935
8.3,120.56249015009536,10.462480531052758,0.12293585296223597
8.4,121.6075839102289,10.450937601335292,0.11439979442883441
8.5,122.65611995922275,10.485360489938525,0.27831901287431293
8.6,123.70678009961377,10.506601403910155,0.4528100398806334
8.700000000000001,124.76437234940524,10.575922497914652,0.2036684431758129
8.8,125.81910585865977,10.547335092545318,-0.4664338056873607
8.9,126.86736943233748,10.48263573677718,-0.48861838000557434
9.0,127.91233057399191,10.449611416544203,-0.0798967403898665
9.1,128.95899621286185,10.466656388699207,-0.007618892839831304
9.200000000000001,130.00380497665947,10.448087637976236,0.10216464936068093
9.3,131.05251390851657,10.487089318571343,0.01311010582861094
9.4,132.09758487443077,10.450709659141959,0.3040398262969912
9.5,133.15237460281384,10.547897283830741,-0.16234143690657454
9.600000000000001,134.19419873998993,10.418241371760644,-0.5135102063317198
9.700000000000001,135.23871826424636,10.445195242564397,-0.04204770258957602
9.8,136.27970144737063,10.409831831242728,-0.23157334111411743
9.9,137.31958950480478,10.398880574341574,-0.21687958986453815
10.0,138.35623509613177,10.36645591326982,-0.3746318457873432
10.100000000000001,139.38863051665015,10.323954205184105,-0.24611412930177323
10.200000000000001,140.42035382539112,10.317233087409466,-0.13096007906481688
10.3,141.4501300443282,10.297762189371142,-0.6263173662411781
10.4,142.46932700574433,10.19196961416123,-0.3320163851739366
10.5,143.492462896978,10.231358912336354,-0.18778966181274725
10.600000000000001,144.50790406515785,10.154411681798681,-0.17395542644825568
10.700000000000001,145.5275608478625,10.196567827046703,0.06021753635784499
10.8,146.54420636676957,10.16645518907025,-0.42907494863772655
10.9,147.55528165050146,10.110752837319158,-0.7190783648192856
11.0,148.5575456021121,10.022639516106393,-0.6029033681554008
11.100000000000001,149.55656281848093,9.990172163688078,-0.4736366528723668
11.200000000000001,150.5493540370341,9.92791218553192,-0.5972042273599509
11.3,151.5364271688557,9.870731318216087,-0.37917489440831176
11.4,152.52163488952073,9.852077206650257,-0.5112984486242311
11.5,153.49848205236987,9.768471628491241,-0.6366723838122734
11.600000000000001,154.47095632535866,9.724742729887803,-0.4548522764833063
11.700000000000001,155.4387064426781,9.67750117319458,-0.3189708329176888
11.8,156.4048012990085,9.660948563304265,-0.23622172174751377
11.9,157.36782698189305,9.630256828845077,-0.413391058363759
12.0,158.3256540170562,9.578270351631513,-0.6482076063743847
12.100000000000001,159.2757155478132,9.5006153075702,-0.5591491946835969
12.200000000000001,160.2223595990827,9.466440512694794,-0.5283250153694752
12.3,161.16185462953231,9.394950304496305,-0.3026400655660044
12.4,162.10244587949046,9.405912499581593,-0.4757890496667194
12.5,163.03242512894676,9.299792494562961,-0.7897341618070719
12.600000000000001,163.95722169566878,9.247965667220178,-0.17060110775002357
12.700000000000001,164.88378892297007,9.265672273012957,-0.39766908916107013
12.8,165.80063210790888,9.168431849387964,-0.3717112810937806
12.9,166.7197651095883,9.1913300167942,-0.4027561874878671
13.0,167.62855317077734,9.087880611890391,-0.439519440508791
13.100000000000001,168.53889578364658,9.103426128692442,-0.1490143967031976
13.200000000000001,169.44470355690154,9.058077732549751,-0.6308678798569556
13.3,170.34242881217367,8.977252552721051,-0.18190935120435903
13.4,171.24459839840455,9.02169586230888,-0.39277243859479505
13.5,172.13446820490475,8.898698065002092,-0.8029370086969756
13.600000000000001,173.0205790509617,8.861108460569485,-0.4371424207569241
13.700000000000001,173.90170600904676,8.811269580850707,-0.0028715746767726813
13.8,174.78775942361017,8.86053414563413,0.05316853071631655
13.9,175.66994975230958,8.82190328699397,0.11219859067243654
14.0,176.55824713868645,8.882973863768617,-0.10411279724355182
14.100000000000001,177.43835521144098,8.80108072754526,-0.4700190346483968
14.200000000000001,178.31725221712486,8.788970056838938,0.00853631581865244
14.3,179.19753101619577,8.80278799070899,0.1332701958382465
14.4,180.07909342579643,8.815624096006587,-0.14551533777924064
14.5,180.95646191811173,8.773684923153143,-0.5460668974811611
14.600000000000001,181.82710298976278,8.706410716510355,-0.26168905322968783
14.700000000000001,182.6992377010135,8.721347112507205,0.3033854540947889
14.8,183.5759464817464,8.767087807329313,0.5779517540608214
14.9,184.45964022807834,8.83693746331937,0.1318183921443783
15.0,185.33898537665416,8.793451485758188,-0.09082160720277344
15.100000000000001,186.22086269084204,8.818773141878815,-0.0014278164568271023
15.200000000000001,187.10017928308875,8.793165922466823,0.15956424084953902
15.3,187.9852478820936,8.850685990048722,0.3575959429080644
15.4,188.87171639319845,8.864685111048436,0.41967135122915167
15.5,189.76517841922794,8.934620260294553,-0.32439057443766295
15.600000000000001,190.64515911884402,8.799806996160903,-0.5856246626585548
15.700000000000001,191.5269086516203,8.817495327762842,0.36399377854941406
15.8,192.4141692268074,8.872605751870786,0.0004263379640168097
15.9,193.29592728634293,8.817580595355645,0.010351920608817622
16.0,194.1833948999422,8.87467613599255,0.29839696940427984
16.1,195.07112089886584,8.877259989236501,0.4507091554159537
16.2,195.96760269557342,8.96481796707574,0.18333112052841827
16.3,196.85899531690765,8.913926213342185,-0.3835763795801572
16.400000000000002,197.74780558602362,8.888102691159709,0.4288207414494938
16.5,198.64777462218683,8.999690361632084,0.41086630735444274
16.6,199.54480221744987,8.970275952630598,0.1270298811260684
16.7,200.4473118512356,9.025096337857297,-0.0667265440524023
16.8,201.34300491561763,8.956930643820117,0.09347923099491062
16.900000000000002,202.24738413402326,9.04379218405628,0.5744528074894184
17.0,203.15456625455505,9.071821205318,-0.09028867748572367
17.1,204.05713969941098,9.025734448559135,0.21649156609744757
17.2,204.96865165126474,9.11511951853749,0.48934756134381807
17.3,205.88101204734753,9.123603960827898,-0.28538340981395294
17.400000000000002,206.78681633100499,9.0580428365747,0.05084566724701922
17.5,207.70019364043273,9.133773094277302,0.15808914784861905
17.6,208.60915970704718,9.089660666144423,-0.14777031808784535
17.7,209.51958161011316,9.104219030659733,0.378082298089355
17.8,210.4361093226894,9.165277125762294,-0.11268718276512324
17.900000000000002,211.34427748210004,9.081681594106708,0.12724379058729696
18.0,212.26335007048803,9.190725883879754,0.07142490913851773
18.1,213.17294672808146,9.095966575934412,-0.7097514372262825
18.2,214.07782428772492,9.048775596434497,0.2916458667303168
18.3,214.99325386265298,9.154295749280475,0.7282536515273996
18.400000000000002,215.91269649532697,9.194426326739977,-0.43440231614575
18.5,216.8194380239321,9.067415286051325,-0.4837051387601399
18.6,217.7292065538309,9.09768529898795,0.03168306873858384
18.7,218.63658174381078,9.073751899799042,0.08110523895052069
18.8,219.5479723784886,9.113906346778053,0.25375371473813857
18.900000000000002,220.46042264276326,9.12450264274667,-0.11441597388225588
19.0,221.36952495796342,9.091023152001602,-0.6328865345273016
19.1,222.26931749154755,8.99792533584121,-0.19087877512172113
19.200000000000003,223.17460223124527,9.052847396977258,0.15730671966519338
19.3,224.0775408992227,9.029386679774248,0.09000956225562184
19.400000000000002,224.98462583016556,9.070849309428382,-0.03554904988045671
19.5,225.88685351714537,9.022276869798157,-0.3509503986447804
19.6,226.7869194401153,9.000659229699426,-0.3955242437165385
19.700000000000003,227.6812366422208,8.943172021054849,-0.24394493223532265
19.8,228.57642366654602,8.951870243252362,0.20562462777233392
19.900000000000002,229.47485336120695,8.984296946609316,-0.16301537871336258
20.0,230.3667800779579,8.91926716750969,-0.3227948193072283
20.1,231.2587538762327,8.91973798274787,-0.03596112721209188
20.200000000000003,232.14996137043943,8.912074942067271,-0.15835766485996494
20.3,233.038768015417,8.888066449775877,-0.07831942959043658
20.400000000000002,233.9284091210319,8.896411056149184,-0.4548393206799872
20.5,234.8081189795959,8.79709858563988,-0.359396071829865
20.6,235.69057216377422,8.82453184178321,-0.044138663418591406
20.700000000000003,236.56939924906985,8.788270852956162,0.1683039104838624
20.8,237.45521851145784,8.858192623879983,-0.15406328945807957
20.900000000000002,238.33096433096432,8.757458195064546,-0.3083470733834215
21.0,239.21061665188464,8.796523209203299,-0.1420098262302094
21.1,240.08352227486648,8.729056229818504,-0.3526249197050024
21.200000000000003,240.95612209739272,8.725998225262298,0.2234162432018394
21.3,241.8334960452386,8.773739478458872,0.1505276417762591
21.400000000000002,242.70910642060036,8.75610375361755,0.09531521793565645
21.5,243.58838667280494,8.792802522046003,0.3282954619430889
21.6,244.47056295740555,8.821762846006168,-0.2497834511207664
21.700000000000003,245.34484754058772,8.74284583182185,-0.33489156148862165
21.8,246.22032599395857,8.754784533708444,0.10411085578036605
21.900000000000002,247.09669279425634,8.763668002977923,-0.016598498432918163
22.0,247.97183927765855,8.75146483402186,0.3721186174127489
22.1,248.85564845030459,8.838091726460473,0.19892742114752338
22.200000000000003,249.73477348212975,8.791250318251365,-0.1141317694068622
22.3,250.61630001938767,8.8152653725791,0.027843599165304767
22.400000000000002,251.4959819231961,8.796819038084426,-0.09495293022329321
22.5,252.37560940184954,8.796274786534442,0.32158903408042505
22.6,253.2617230863396,8.86113684490051,-0.14184195805502675
22.700000000000003,254.13851372583196,8.767906394923436,0.18996089978042363
22.8,255.0284266283176,8.899129024856595,0.41450463082257194
22.900000000000002,255.91350736042637,8.85080732108795,0.001587537915650472
23.0,256.8034520136704,8.899446532439725,0.5242041485350413
23.1,257.69901682874985,8.955648150794959,0.16784843278955464
23.200000000000003,258.5923184506496,8.933016218997636,-0.15282677761340402
23.3,259.48482673017685,8.925082795272278,0.4586636308927794
23.400000000000002,260.3873016246945,9.024748945176192,0.5295549055499826
23.5,261.2904010023327,9.030993776382275,0.20787490016672017
23.6,262.19703339485363,9.066323925209536,0.8651608953581391
23.700000000000003,263.11743599039903,9.204025955453902,0.3001124320051751
23.8,264.0300706315601,9.126346411610571,-0.43997074932599745
23.900000000000002,264.9416738121189,9.116031805588703,0.22842284569934534
24.0,265.858876910194,9.17203098075044,0.3006336582015301
24.1,266.7764927639169,9.176158537229009,0.6875997516877863
24.200000000000003,267.7074478570257,9.309550931087998,0.6945827933539306
24.3,268.6389553666157,9.315075095899795,0.25676312858085026
24.400000000000002,269.57504572229607,9.360903556804168,0.1827854315556099
24.5,270.51020894051715,9.351632182210917,0.388355683419368
24.6,271.45406640986596,9.438574693488041,0.17413854480277102
24.700000000000003,272.3927123989831,9.386459891171471,0.1358735983913384
24.8,273.33928734029973,9.465749413166309,0.9039330317744998
24.900000000000002,274.2960119900524,9.567246497526371,0.7904224952433658
25.0,275.2583953812739,9.623833912214982,0.08552832901893126
25.1,276.2168305976069,9.584352163330157,0.1829088245384547
25.200000000000003,277.18287216531917,9.660415677122673,0.4129463392199817
25.3,278.1495663084366,9.666941431174154,-0.41892830058114505
25.400000000000002,279.10722931013726,9.576630017006444,0.4807082859861822
25.5,280.0835376189744,9.76308308837139,0.7174256430018033
25.6,281.0555491335351,9.720115145606805,-0.08519629222837999
25.700000000000003,282.03015351652766,9.746043829925714,0.047552560533166144
25.8,283.003116082299,9.729625657713438,0.2288946586892049
25.900000000000002,283.9822983584654,9.791822761663555,0.5787484363089845
26.0,284.9668358929629,9.845375344975235,0.007510733410622805
26.1,285.9461683837975,9.79332490834568,-0.10728927135986943
26.200000000000003,286.9285601328678,9.823917490703261,0.01438984680021349
26.3,287.90818042063836,9.796202877705722,0.03715945863305592
26.400000000000002,288.89131535888134,9.831349382429872,0.40093606304322016
26.5,289.8789543679128,9.876390090314366,-0.05529956148921933
26.6,290.86098331492605,9.820289470132028,-0.47935001475331696
26.700000000000003,291.8390353236624,9.780520087363703,-0.1651576016177536
26.8,292.81776111864326,9.787257949808478,0.04035388391876005
26.900000000000002,293.796620205058,9.788590864147455,0.12980611239723494
27.0,294.7779421222868,9.813219172287925,0.11530410153445025
27.1,295.75910729073223,9.811651684454345,-0.23576282106514412
27.200000000000003,296.7357139515397,9.766066608074896,0.22419349407206468
27.3,297.72136298986663,9.856490383268758,-0.35726063812902886
27.400000000000002,298.69082443791154,9.69461448044909,-0.7527138454932913
27.5,299.6614191993285,9.7059476141701,0.10386979059489931
27.6,300.63295804318534,9.71538843856807,-0.14657323480682827
27.700000000000003,301.6006213399062,9.676632967208734,-0.4004265427233822
27.8,302.5641516529085,9.635303130023393,-0.36770963434133996
27.900000000000002,303.5244607569426,9.603091040340466,-0.3038954721512166
28.0,304.4819131605019,9.57452403559315,0.19627323209921776
28.1,305.4461477291779,9.64234568676031,-0.022175733429579125
28.200000000000003,306.40315661806864,9.570088888907234,-0.9119789230706399
28.3,307.34915160828325,9.459949902146182,-0.5538590815996791
28.400000000000002,308.295083315542,9.459317072587298,0.12742369859076952
28.5,309.2436267797284,9.485434641864336,-0.24920981124750163
28.6,310.1845742907622,9.409475110337798,-0.7125745201252975
28.700000000000003,311.1188662645461,9.342919737839276,-0.08375072504980707
28.8,312.0581387610789,9.392724965327837,-0.11731184151833496
28.900000000000002,312.99008449803245,9.319457369535609,-0.5651013545656891
29.0,313.91805496747395,9.279704694414699,-0.4356104061383359
29.1,314.84128849630474,9.232335288307942,0.01287595208720127
29.200000000000003,315.76951648478797,9.282279884832139,0.036154744508385406
29.3,316.6934731085089,9.239566237209619,-0.8471127016812297
29.400000000000002,317.60475884295846,9.112857344495893,-0.30339736129999295
29.5,318.52264751945347,9.17888676494962,0.16799368568668704
29.6,319.4372931276168,9.14645608163323,-0.39260189600824447
29.700000000000003,320.34732976619154,9.100366385747972,-0.6015928897590772
29.8,321.2499435165597,9.026137503681415,-0.4187517255914752
29.900000000000002,322.15160512062266,9.016616040629676,-0.20983218728916064
30.0,323.05002222724505,8.984171066223583,-0.021845276762118004
30.1,323.95124692577275,9.012246985277253,-0.8056336020176769
30.200000000000003,324.83355136035476,8.823044345820048,-0.5823008090902704
30.3,325.7231300427007,8.895786823459199,0.2926411028478171
30.400000000000002,326.6112872993396,8.881572566389611,0.17304511800501743
30.5,327.5043268840456,8.930395847060202,-0.19926997459459805
30.6,328.3884987411927,8.841718571470691,-0.5391911941796668
30.700000000000003,329.2707545020151,8.822557608224269,0.4127027054033139
30.8,330.16318041327025,8.924259112551354,0.09265731356042473
30.900000000000002,331.04728932036386,8.841089070936354,-0.5106610301507164
31.0,331.929502011016,8.822126906521211,-0.29339384880118224
31.1,332.8077430411336,8.782410301176117,0.16821390157039318
31.200000000000003,333.6933200098171,8.85576968683529,0.3750565354895574
31.3,334.57906217064453,8.857421608274029,-0.37551401098633974
31.400000000000002,335.4571288591083,8.780666884638022,-0.3496084146968226
31.5,336.3358788516418,8.787499925334664,0.05841572653623395
31.6,337.2151138546363,8.792350029945268,0.7669516985208169
31.700000000000003,338.10920288114016,8.940890265038828,0.5153129655618294
31.8,338.99874414344595,8.895412623057634,-0.17901188624719566
31.900000000000002,339.8892529322249,8.905087887789389,0.4094775549294649
32.0,340.78698374562924,8.977308134043527,0.061942961273704356
32.1,341.67873139363365,8.91747648004413,-0.5459504911463853
32.2,342.5655431972151,8.86811803581425,0.15684417186878186
32.300000000000004,343.4604277286569,8.948845314417886,0.8950303240398583
32.4,344.3651401387191,9.047124100622222,0.18721429361421293
32.5,345.2637689560331,8.986288173140728,-0.35009435442369785
32.6,346.16147947900686,8.977105229737482,0.5427189933789478
32.7,347.0709626761885,9.094831971816518,0.41043484475888903
32.800000000000004,347.9768818960574,9.05919219868926,-0.18244871525346262
32.9,348.882716118934,9.058342228765826,0.392176019286552
33.0,349.7964788591887,9.13762740254657,0.43558616850854825
33.1,350.71102480543544,9.145459462467535,0.02722581925919343
33.2,351.6253320620753,9.14307256639841,0.33591219675436434
33.300000000000004,352.54659625225713,9.212641901818408,0.1726183574766793
33.4,353.4643558760465,9.177596237893745,0.13463291407252775
33.5,354.3883127245098,9.239568484632914,0.4091963659618969
33.6,355.3142562756184,9.259435511086124,0.12176947974773533
33.7,356.2406485136766,9.26392238058246,0.4388579199419418
33.800000000000004,357.1753692231841,9.347207095074513,0.5932512346978314
33.9,358.11362648593627,9.382572627522027,0.11637130678303187
34.0,359.0506746215794,9.37048135643112,-0.05268772143884881
34.1,359.9878781299028,9.372035083234257,-0.15855417292470086
34.2,360.9217551820874,9.338770521846179,0.48163735508072847
34.300000000000004,361.8685914375124,9.468362554250403,-0.23256673248154947
34.4,362.79781715504737,9.292257175349869,-0.30641969098622823
34.5,363.7385250166527,9.407078616053157,0.49776547409447147
34.6,364.67770604366956,9.391810270168763,0.03828019518122616
34.7,365.61917950917854,9.414734655089402,0.2248966709427691
34.800000000000004,366.56285846961424,9.436789604357317,-0.40589800645719265
34.9,367.4962139749941,9.333555053797964,0.043892876915903045
35.0,368.4407707929681,9.445568179740498,0.49282266827841426
35.1,369.38398275171346,9.432119587453647,-0.011675342429580127
35.2,370.3283060628389,9.443233111254582,-0.267539155134644
35.300000000000004,371.26616723848156,9.378611756426718,-0.2756021085050975
35.4,372.2049785074369,9.388112689553562,0.1284688920538457
35.5,373.14540906092066,9.404305534837487,0.38138556940962687
35.6,374.09184804126426,9.464389803435488,0.24902813144968228
35.7,375.037259157377,9.454111161127424,-0.19174016660890913
35.800000000000004,375.97986333438837,9.426041770113706,-0.18855622817729234
35.9,376.9215033259376,9.416399915491965,-0.21714533647403833
36.0,377.85976459621946,9.382612702818898,-0.30220443745499814
36.1,378.7953604990196,9.355959028000965,-0.23831412713239075
36.2,379.7288554867588,9.33494987739242,-0.3862414203727482
36.300000000000004,380.6567265611514,9.278710743926416,-0.1630753234054083
36.4,381.58696004242256,9.302334812711338,-0.3280125439234194
36.5,382.5082708659367,9.213108235141732,-0.43150013576922497
36.6,383.4298743444924,9.216034785557493,0.13480159001297842
36.7,384.3538811998069,9.240068553144328,0.03283196225460472
36.800000000000004,385.2761413176077,9.222601178008414,-0.04706260024939013
36.9,386.19920692091716,9.23065603309445,-1.0990810863330225
37.0,387.09948541699134,9.00278496074181,-0.8816098998822763
37.1,388.0049188223031,9.054334053117994,0.057300781116831345
37.2,388.90634333399964,9.014245116965176,-0.44662404786028453
37.300000000000004,389.80284425835424,8.965009243545937,-0.15399897095536907
37.4,390.70118879063165,8.983445322774102,-0.48754181233330307
37.5,391.5879388787396,8.867500881079277,-0.4624921693258077
37.6,392.47703356763043,8.89094688890894,0.06046754729036152
37.7,393.3649930066842,8.87959439053735,-0.49833174373999256
37.800000000000004,394.2441210607003,8.791280540160942,-0.3230140758665545
37.9,395.1256202182367,8.814991575364038,-0.2647877164634682
38.0,395.9994525179235,8.738322996868249,0.06458380446308531
38.1,396.88224335154916,8.827908336256655,-0.23215835437553345
38.2,397.7514324841485,8.691891325993142,-0.6375377548649119
38.300000000000004,398.6214725626769,8.700400785283673,-0.0720128829165656
38.400000000000006,399.48922143761786,8.677488749409829,-0.03479445602002862
38.5,400.3585656270258,8.693441894079667,-0.4414705523791529
38.6,401.2174850909192,8.589194638933998,-0.2327575250566305
38.7,402.082174129826,8.646890389068341,0.12182674079358691
38.800000000000004,402.94353012853526,8.613559987092716,-0.4517363691549736
38.900000000000006,403.799184440059,8.556543115237346,-0.31136177374458285
39.0,404.6543132032934,8.551287632343799,-0.3350803028862792
39.1,405.5032659087594,8.48952705466009,-0.438970481700407
39.2,406.34961526235975,8.463493536003718,0.058864290572833156
39.300000000000004,407.1997452536372,8.501299912774657,0.49456147442942466
39.400000000000006,408.05598583672617,8.562405830889602,-0.11609367094811418
39.5,408.90379395458467,8.478081178585034,-0.44194626952243077
39.6,409.75119561228314,8.474016576985116,0.2917669060726791
39.7,410.6048390682631,8.53643455979957,0.16268333355276
39.800000000000004,411.45549439263266,8.506553243695668,-0.3202394330478153
39.900000000000006,412.30273305995166,8.472386673190007,0.41426259174872193
40.0,413.1616736361562,8.589405762045413,0.2098203025639478
40.1,414.0131087095265,8.514350733702797,-0.11141992447056381
40.2,414.86982088724164,8.5671217771513,0.6739088601195853
40.300000000000004,415.7347341378143,8.649132505726714,-0.1334440469016407
40.400000000000006,416.5887774345914,8.540432967770972,-0.236123461042137
40.5,417.44896821594324,8.601907813518286,0.28876354276383687
40.6,418.3087867835756,8.59818567632374,0.18400014712243618
40.7,419.1726575678699,8.638707842942773,0.24554065511543932
40.800000000000004,420.03738694860454,8.647293807346827,0.2694214288236374
40.900000000000006,420.9066461614753,8.692592128707501,0.14473671274516597
41.0,421.7742702764649,8.67624114989586,0.18383117230768242
41.1,422.64720611278176,8.729358363169037,0.5176247480949314
41.2,423.52518272273323,8.779766099514847,0.07992833575202418
41.300000000000004,424.39971712576516,8.745344030319442,0.04600161104583833
41.400000000000006,425.2786137679376,8.788966421724014,0.47723760035584206
41.5,426.1626929229767,8.84079155039061,0.20626264254590687
41.6,427.045714818,8.830218950233196,0.5793462917223646
41.7,427.94138089887355,8.956660808735084,0.7632181507481395
41.800000000000004,428.83966715691184,8.982862580382823,0.025975025095199555
41.900000000000006,429.73585273828724,8.961855813754124,0.14066915965644355
42.0,430.6369523795186,9.010996412314112,0.5903681937296934
42.1,431.5449453247686,9.079929452500062,0.44740310542422
42.2,432.4549930281085,9.100477033398956,0.10887300362697694
42.300000000000004,433.36516343343106,9.101704053225458,0.1353783593823632
42.400000000000006,434.2779187039586,9.127552705275429,0.4308750033615105
42.5,435.1967066093484,9.18787905389776,0.09977044476174868
42.6,436.11145728877113,9.147506794227779,-0.16338796197709726
42.7,437.0269774349214,9.15520146150234,0.41400285606972176
42.800000000000004,437.9500081714655,9.230307365441723,1.0006412365899298
42.900000000000006,438.88554114234756,9.355329708820326,0.5761237923974427
43.0,439.8200943547397,9.345532123921211,0.20348598548967978
43.1,440.7596970453315,9.396026905918262,-0.20160538651747828
43.2,441.6902181499933,9.305211046617716,-0.24639308339950539
43.300000000000004,442.62489297891716,9.346748289238361,0.49810750624923905
43.400000000000006,443.5653762337039,9.404832547867564,0.25146623383151656
43.5,444.50508038730436,9.397041536004664,0.17467004801699382
43.6,445.4490570430514,9.439766557470962,-0.2458177839369835
43.7,446.38384484097315,9.347877979217268,0.1802674123625092
43.800000000000004,447.33142684496755,9.475820039943464,0.20446547952952088
43.900000000000006,448.2703039524799,9.388771075123172,0.41515148221013654
44.0,449.22618898611836,9.558850336385492,0.8408910353720511
44.1,450.1818839143382,9.556949282197582,-0.3341267538376247
44.2,451.13108641289995,9.492024985617967,-0.06845642024777554
44.300000000000004,452.08541221271474,9.543257998148027,0.5951794315199699
44.400000000000006,453.0465182999069,9.61106087192196,0.09617256437838506
44.5,454.00276755100924,9.562492511023704,-0.41167596071705503
44.6,454.95564011898705,9.52872567977855,-0.09122838240517517
44.7,455.91006480244135,9.544246834542669,0.15307233361026462
44.800000000000004,456.8659988170914,9.559340146500602,0.03915505829389154
44.900000000000006,457.82120660171154,9.552077846201447,-0.28068094013303124
45.0,458.7715269975589,9.503203958473996,-0.07374936501093998
45.1,459.72525979487887,9.53732797319926,0.17356803086190808
45.2,460.6790515513435,9.537917564646378,-0.011470584940074247
45.300000000000004,461.63255493696465,9.535033856211244,0.011285216574128398
45.400000000000006,462.5865723977608,9.540174607961204,-0.27172945776476
45.5,463.53464119422665,9.480687964658292,0.1629875936175651
45.6,464.49191840689514,9.572772126684717,0.2135365823351254
45.7,465.4442579350076,9.523395281125318,0.011851675492113856
45.800000000000004,466.4017721811859,9.57514246178314,0.17867964372181966
45.900000000000006,467.35768530217285,9.559131209869681,-0.5010663834803264
46.0,468.3051782206815,9.474929185087074,-0.03801141687154619
46.1,469.260331113331,9.551528926495372,0.2784559721434299
46.2,470.21339315128256,9.53062037951576,-0.3162118967784622
46.300000000000004,471.1622218059965,9.48828654713968,0.3472306826578464
46.400000000000006,472.1222284576013,9.60006651604733,0.17720681412816575
46.5,473.07460124859784,9.523727909965313,-0.2708876080713907
46.6,474.02919014804115,9.545888994433051,0.792924977841416
46.7,474.99742143859453,9.682312905533596,0.07259443764128015
46.800000000000004,475.95346222679063,9.560407881961307,-0.32767541797519506
46.900000000000006,476.9151400089845,9.616777821938557,0.3177323238555463
47.0,477.8775354436578,9.623954346732416,0.35077347521393243
47.1,478.8462286953559,9.686932516981344,0.30618683903401944
47.2,479.81474786680985,9.68519171453922,-0.3258232471561051
47.300000000000004,480.7769246535649,9.621767867550123,0.292052392505866
47.400000000000006,481.75128487286895,9.743602193040394,0.5065473404354481
47.5,482.72359260643265,9.723077335637212,0.29480835503131964
47.6,483.70384899283727,9.802563864046657,0.17590750734385985
47.7,484.6796748765479,9.758258837105984,-0.43011339208512744
47.800000000000004,485.6513289951108,9.716541185629632,0.23262841903061826
47.900000000000006,486.63180744720205,9.804784520912108,0.30018664820837593
48.0,487.6094652987292,9.776578515271307,0.24119656691507174
48.1,488.59476768215876,9.853023834295122,0.26359504833869174
48.2,489.57769743465263,9.829297524939046,0.43193688140863884
48.300000000000004,490.57163855571025,9.93941121057685,0.4203740568115144
48.400000000000006,491.5629757893404,9.913372336301348,0.42575286051512506
48.5,492.56543196760833,10.024561782679875,0.8720363694360511
48.6,493.57420992862717,10.087779610188559,0.37748091920358995
48.7,494.58421572527925,10.100057966520593,0.38461050154822374
48.800000000000004,495.600685896329,10.164701710498203,0.41948555089951434
48.900000000000006,496.61908140399913,10.183955076700496,0.12050916108467646
49.0,497.63796175827065,10.188803542715139,0.02872120737626993
49.1,498.6569316900882,10.18969931817575,0.6718412303346444
49.2,499.6892488689664,10.323171788782068,0.8976248014457155
49.300000000000004,500.7261712968129,10.369224278464893,0.6360848408835107
49.400000000000006,501.77121017250875,10.45038875695877,0.20624342271837293
49.5,502.81225746880966,10.410472963008568,0.39684372075446284
49.6,503.86523321892065,10.529757501109662,0.8438499050169579
49.7,504.9231575133218,10.579242944011959,0.49872448837826155
49.800000000000004,505.9861077532003,10.629502398785315,0.5253093056512004
49.900000000000006,507.05453823371454,10.6843048051422,0.2800509227701742
50.0,508.12308949204845,10.68551258333935,0.3184405960245318
50.1,509.1978887844832,10.747992924347106,0.4887083286239946
50.2,510.2762142093896,10.783254249064148,0.5443717309578755
50.300000000000004,511.3619009364435,10.85686727053868,0.2628380765686078
50.400000000000006,512.4454831228813,10.83582186437787,0.38125088473536906
50.5,513.5387948676298,10.933117447485754,1.0003086572125142
50.6,514.6423832272119,11.035883595820373,0.22415175722448666
50.7,515.740178007105,10.977947798930652,-0.06536986969342351
50.800000000000004,516.8424589692931,11.022809621881688,0.45950275312979905
50.900000000000006,517.9494438042486,11.069848349556612,0.7832293082901032
51.0,519.0673893526027,11.179455483539709,0.934599881683571
51.1,520.193066185192,11.256768325893326,0.2039404900099484
51.2,521.3150905433461,11.220243581541698,-0.25095271919536977
51.300000000000004,522.4357483215515,11.206577782054252,-0.033872908816219294
51.400000000000006,523.5570952215294,11.213468999778454,0.06869828371476316
51.5,524.6791269654091,11.220317438797204,0.5573887761960084
51.6,525.8116216409109,11.324946755017656,0.5208881928563702
51.7,526.9440711486477,11.324495077368478,0.29092378784071116
51.800000000000004,528.0823842999063,11.383131512585798,-0.026894793152791863
51.900000000000006,529.21429591178,11.31911611873792,-0.14554351416772526
52.0,530.3496981927553,11.354022809752253,-0.007337729732093123
52.1,531.4814630500346,11.317648572791501,0.3942807893746014
52.2,532.6247509467972,11.432878967627174,0.2919564377681727
52.300000000000004,533.7623549328318,11.376039860345136,-0.16744047448878696
52.400000000000006,534.9022940201048,11.399390872729416,0.22113457457144214
52.5,536.0443206976307,11.420266775259424,0.06207105285636949
52.6,537.1855012059607,11.41180508330069,-0.18867440711928474
52.7,538.3237543953443,11.382531893835568,-0.44987967005543084
52.800000000000004,539.4559373102732,11.321829149289604,-0.3284968050787107
52.900000000000006,540.5876205635552,11.316832532819825,0.03473960268697063
53.0,541.720498270538,11.328777069826998,0.19126043673266757
53.1,542.8560067325545,11.355084620166359,-0.06975735715719189
53.2,543.987489292394,11.31482559839556,-0.45234663818261467
53.300000000000004,545.113950821647,11.264615292529836,-0.2232224104157421
53.400000000000006,546.2409689332783,11.270181116312411,-0.23181106271255913
53.5,547.362794241277,11.218253079987324,-0.42002584247146757
53.6,548.4814118360588,11.186175947818118,-0.3138574282787765
53.7,549.5969599954919,11.155481594331569,-0.1370111648651129
53.800000000000004,550.7128373669765,11.158773714845095,-0.17380262216441622
53.900000000000006,551.8249094739663,11.120721069898686,-0.5843896738928045
54.0,552.9290990519729,11.041895780066534,-0.469041430887156
54.1,554.0317903303451,11.026912783721254,-0.21370371641120656
54.2,555.1317058340235,10.999155036784293,-0.17848671306897046
54.300000000000004,556.2308273781342,10.99121544110746,-0.07257402662379064
54.400000000000006,557.3292914012802,10.984640231459535,-0.3489796485965435
54.5,558.4214333524191,10.921419511388152,-0.557769364917915
54.6,559.5087419882666,10.873086358475952,-0.5124781056502759
54.7,560.5906343772924,10.818923890258096,-0.3296629842585652
54.800000000000004,561.6713497534548,10.807153761624239,-0.41771792438662914
54.900000000000006,562.7448877839929,10.73538030538077,-0.25355227265088764
55.0,563.8205321147024,10.756443307094061,-0.5169882135215254
55.1,564.88373038097,10.631982662676466,-0.40949048590360526
55.2,565.9511849019613,10.67454520991334,0.06863810421608108
55.300000000000004,567.0157559303133,10.645710283519682,-0.16840905145858898
55.400000000000006,568.0798422702754,10.640863399621622,-0.4956935320901934
55.5,569.1344994279856,10.546571577101643,-0.7481010714145331
55.6,570.1836237465194,10.491243185338716,-0.5543501950640284
55.7,571.2271939003284,10.435701538088837,-0.6724017130776083
55.800000000000004,572.2628701846007,10.356762842723194,0.23903557430204891
55.900000000000006,573.3112210498956,10.483508652949247,0.3583646341950164
56.0,574.3540646268519,10.428435769562197,-0.4383292449262388
56.1,575.3936489072483,10.395842803964,-0.43900970348476953
56.2,576.4277122901348,10.340633828865244,-0.5226364271374173
56.300000000000004,577.4568438419884,10.291315518536516,-0.2897885005404266
56.400000000000006,578.4851114548641,10.282676128757158,0.16082037160530582
56.5,579.5174594141498,10.323479592857577,0.05206798026320847
56.6,580.5467683866308,10.2930897248098,-0.3622833618165977
56.7,581.5718706786803,10.251022920494258,-0.3117860304235087
56.800000000000004,582.5949439305527,10.230732518725098,-0.28941712480349047
56.900000000000006,583.6142578801062,10.19313949553356,-0.5412114024626646
57.0,584.6265069039295,10.122490238232565,-0.2212869928948269
57.1,585.6413951136249,10.148882096954594,0.4228693138018169
57.2,586.6621015237241,10.207064100992929,-0.1277101971202299
57.300000000000004,587.6744355294771,10.123340057530548,-0.5802954419033046
57.400000000000006,588.6835360307384,10.091005012612268,0.06736383863716
57.5,589.6972173132642,10.13681282525798,0.06647518236252203
57.6,590.7076473181727,10.104300049084772,-0.06256270217990689
57.7,591.7200773466549,10.124300284821999,-0.11591036008413269
57.800000000000004,592.7281891443616,10.081117977067946,-0.41709459675642435
57.900000000000006,593.7322772809088,10.040881365470714,0.30820857390573053
58.0,594.7465532500936,10.142759691849092,0.5192674069889325
58.1,595.7610267347804,10.1447348468685,0.3459416876328536
58.2,596.7822215377181,10.211948029375662,-0.15331104330028822
58.300000000000004,597.7936288015388,10.114072638208443,-0.783440704656293
58.400000000000006,598.7991547903833,10.055259888444404,0.20458413370262996
58.5,599.8146537368782,10.154989464948969,0.22849567703986828
58.6,600.8247496392635,10.100959023852377,-0.12288174668271701
58.7,601.8377909508247,10.130413115612425,0.13813986285660995
58.800000000000004,602.8506496504671,10.1285869964237,0.13562364159992235
58.900000000000006,603.8664034348602,10.15753784393241,-0.2389751551339092
59.0,604.8744826313999,10.080791965396918,-0.31479504395055535
59.1,605.8839405149141,10.094578835142299,0.36437240353636824
59.2,606.8993071595246,10.153666446104191,-0.18253205122639393
59.300000000000004,607.9051144020143,10.05807242489702,-0.17548872385439118
59.400000000000006,608.9169712721476,10.118568701333313,0.11030524862895241
59.5,609.9249846196099,10.08013347462281,0.2697770359097351
59.6,610.9422370304613,10.17252410851526,-0.005701015295143108
59.7,611.9501363576177,10.078993271563782,-0.2902277542353282
59.800000000000004,612.9615842133845,10.114478557668194,-0.19721322656776508
59.900000000000006,613.9655392760095,10.039550626250229,-0.7118462890715982
60.0,614.962750205995,9.972109299853875,-0.16246154715227057
60.1,615.963456037677,10.007058316819775,0.04107101438191485
60.2,616.96148838795,9.980323502730258,-0.37879359630697884
60.300000000000004,617.9546183477058,9.931299597558379,-0.15778443759890237
60.400000000000006,618.949495009227,9.948766615210477,0.10820789576293954
60.5,619.9447891268981,9.952941176710967,-0.36478965281553144
60.6,620.9323699953628,9.875808684647371,-0.2941132220141718
60.7,621.9217818485936,9.894118532308132,0.0775325327188181
60.800000000000004,622.9109133677127,9.891315191191135,-0.22886708967499558
60.900000000000006,623.89574787915,9.848345114373133,-0.13300273901728943
61.0,624.8822193434888,9.864714643387677,-0.5929749074525681
61.1,625.8551943567771,9.72975013288262,-0.6193219882471013
61.2,626.829279381351,9.740850245738256,-0.322225346089855
61.300000000000004,627.7958098877174,9.665305063664649,-0.48082465059659185
61.400000000000006,628.7602784192793,9.644685315618938,0.259063440177556
61.5,629.7319901944493,9.71711775170016,-0.1897661033657272
61.6,630.6926634039439,9.606732094945793,-0.8289703585788732
61.7,631.6477957719424,9.551323679984385,-0.6443691453116784
61.800000000000004,632.5955815985307,9.477858265883457,-0.15629716100514557
61.900000000000006,633.547588023309,9.520064247783356,-0.05554837909722998
62.0,634.4942628823154,9.466748590064011,-0.5917425341973903
62.1,635.4344344564097,9.401715740943878,-0.6340706999146661
62.2,636.3684279014178,9.339934450081078,-0.7899668721942277
62.300000000000004,637.2928001380683,9.243722366505033,-0.27335643094334117
62.400000000000006,638.2213264544575,9.28526316389241,-0.019129812363996024
62.5,639.1453160948607,9.239896404032233,-0.31512436369776964
62.6,640.0675399239761,9.222238291152856,-0.7638259301221861
62.7,640.9762530457768,9.087131218007796,-0.3151097947710291
62.800000000000004,641.8921746789968,9.15921633219865,-0.5725214152241342
62.900000000000006,642.789437372493,8.97262693496297,-0.8142952564461492
63.0,643.689073100584,8.99635728090942,-0.13485791780027512
63.1,644.5836386357242,8.945655351402914,-0.35693044608498425
63.2,645.4761357548936,8.924971191692423,-0.3892907229700704
63.300000000000004,646.3629154755744,8.8677972068089,-0.1635280987853438
63.400000000000006,647.2521420327679,8.892265571935354,-0.10728273163704394
63.5,648.1367760988161,8.846340660481491,-0.8011583605567019
63.6,649.0099794887985,8.732033899824014,-0.47787383829101415
63.7,649.8850560780809,8.750765892823289,-0.3899676420767495
63.800000000000004,650.7504601152218,8.654040371408664,-0.1765851129902618
63.900000000000006,651.6220050022444,8.715448870225236,-0.29996851369020305
64.0,652.4814096691114,8.594046668670623,-0.2938844889243075
64.10000000000001,653.3470768663555,8.656671972440375,-0.07368981105487116
64.2,654.2050077370013,8.57930870645965,-0.3642857473427963
64.3,655.0633892192985,8.583814822971815,-0.38679717166863803
64.4,655.9135841465111,8.501949272125922,-0.23913236910649616
64.5,656.7671829814261,8.535988349150516,-0.20742045728740166
64.60000000000001,657.613229499493,8.460465180668441,-0.22072250182181286
64.7,658.4624138843715,8.491843848786154,-0.10266006366036251
64.8,659.3064072011651,8.439933167936369,-0.19998729925191583
64.9,660.1515918400587,8.45184638893577,0.25128914063301977
65.0,661.000610939665,8.490190996062973,0.04967355284599684
65.10000000000001,661.8467890496154,8.46178109950497,-0.4530871598609387
65.2,662.6867464060246,8.399573564090785,0.23195456533629866
65.3,663.5375636072818,8.50817201257223,0.27503957949315705
65.4,664.3830217552807,8.454581479989416,-0.09191125631099695
65.5,665.2320007314116,8.48978976131003,0.32423130845756987
65.60000000000001,666.0839435055798,8.51942774168093,0.03338419312582275
65.7,666.9335901655733,8.496466599935195,-0.19076817182074102
65.8,667.7817175763049,8.481274107316782,0.19807588300943202
65.9,668.6353257539586,8.536081776537081,0.6553773852306843
66.0,669.496560712395,8.612349584362919,0.4418474880859158
66.10000000000001,670.3590058398104,8.624451274154264,-0.5064254576813898
66.2,671.210112289093,8.511064492826641,0.035172900902029625
66.3,672.0732608745265,8.63148585433467,0.5672747917731602
66.4,672.9357128196446,8.624519451181273,0.5384045798099191
66.5,673.8096294966742,8.739166770296654,0.0022454535166893663
66.60000000000001,674.6721263508626,8.624968541884611,-0.2149694480124431
66.7,675.5417436389321,8.696172880694165,0.483871618751861
66.8,676.4139179254956,8.721742865634983,0.5882966198684869
66.9,677.2953011459624,8.813832204667863,0.7668641393902309
67.0,678.1828127153137,8.87511569351303,0.16095429196191446
67.10000000000001,679.0674150216197,8.846023063060246,-0.3373330193724211
67.2,679.9481799305836,8.807649089638545,0.4877271470313893
67.3,680.8425367798302,8.943568492466524,0.36370024520346433
67.4,681.7305756936981,8.880389138679238,0.25354571624156996
67.5,682.6300034572696,8.994277635714838,0.610699482531718
67.60000000000001,683.5302563607883,9.002529035185582,0.17990544558071697
67.7,684.4332822332713,9.030258724830981,0.17550482090184616
67.8,685.3370452332078,9.03762999936595,0.46814696567465397
67.9,686.2494340450045,9.123888117965912,0.6106077345698591
68.0,687.1654091996324,9.159751546279923,-0.044598393528998415
68.10000000000001,688.0769060435586,9.114968439260112,-0.2352581989962399
68.2,688.9881760342066,9.112699906480675,0.22235698726851716
68.3,689.9041200178781,9.159439836713815,0.3514574682903415
68.4,690.822419157892,9.182991400138743,0.5570248727138871
68.5,691.7495036390176,9.270844811256593,0.5212679394983688
68.60000000000001,692.6782281378214,9.287244988038417,0.4365149584182415
68.7,693.6140429181155,9.358147802940241,0.30480570746468594
68.8,694.5488635310686,9.348206129531354,0.2267976923767101
68.9,695.4892142652102,9.403507341415583,0.21993604365635022
69.0,696.4284335990365,9.392193338262624,-0.011024813457831684
69.10000000000001,697.3685638369088,9.401302378724017,-0.0129800293794613
69.2,698.3075235701475,9.389597332386732,-0.3697353185532659
69.3,699.2402591016488,9.327355315013364,-0.016662880800044633
69.4,700.1788855772714,9.386264756226723,0.5086697214910352
69.5,701.1217945032026,9.42908925931157,0.473962732755302
69.60000000000001,702.0699002334804,9.481057302777783,0.21052206521218864
69.7,703.0170196007158,9.471193672354008,0.3722563019427394
69.8,703.9725704570325,9.555508563166331,0.3137227493806538
69.9,704.9259642792555,9.53393822223014,-0.06453520774279298
70.0,705.8802244314173,9.542601521617772,-0.2793085210039603
70.10000000000001,706.8280320832203,9.478076518029347,-0.4065317108695421
70.2,707.7741616011647,9.461295179443864,0.07978606441909619
70.3,708.7235649742561,9.494033730913166,0.16697676126295136
70.4,709.6730340274257,9.494690531696454,-0.019914613425333627
70.5,710.6220391082485,9.4900508082281,0.03520890598045945
70.60000000000001,711.5722123395377,9.501732312892546,0.09342274806047435
70.7,712.5230858753217,9.508735357840195,-0.24489207304304372
70.8,713.4683612651502,9.452753898283937,-0.29955027639732457
70.9,714.4132437954063,9.44882530256073,-0.056427282770510345
71.0,715.3573906395792,9.441468441729835,0.11091130791569093
71.10000000000001,716.3044913959936,9.471007564143868,-0.11403795542833883
71.2,717.2463574810581,9.418660850644168,-0.17600568808869177
71.3,718.1899381237107,9.43580642652613,-0.020245113994254993
71.4,719.1313993064952,9.414611827845317,0.07828997566016405
71.5,720.0765457486609,9.451464421658162,0.34468541124708096
71.60000000000001,721.0249006396705,9.483548910094733,-0.16938544014643675
71.7,721.9666593730334,9.417587333628875,-0.5447657471777756
71.8,722.9041189490993,9.374595760659178,-0.21871894752843346
71.9,723.8415033035116,9.373843544123188,0.08707345995944138
72.0,724.7807043487767,9.392010452651066,0.18166908527877723
